{
    "a": "a",
    "ê": "ɛ",
    "ai": "ai",
    "an": "an",
    "ang": "aŋ",
    "ao": "au",
    "bai": "pai",
    "bang": "paŋ",
    "ban": "pan",
    "bao": "pau",
    "ba": "pa",
    "bei": "pei",
    "beng": "pəŋ",
    "ben": "pən",
    "bian": "piɛn",
    "biao": "piau",
    "bie": "piɛ",
    "bing": "piŋ",
    "bin": "pin",
    "bi": "pi",
    "bo": "po",
    "bu": "pu",
    "cai": "tsʰai",
    "cang": "tsʰaŋ",
    "can": "tsʰan",
    "cao": "tsʰau",
    "ca": "tsʰa",
    "cei": "tsʰei",
    "ceng": "tsʰəŋ",
    "cen": "tsʰən",
    "ce5": "tsʰə",
    "ce": "tsʰɤ",
    "chai": "tʂʰai",
    "chang": "tʂʰaŋ",
    "chan": "tʂʰan",
    "chao": "tʂʰau",
    "cha": "tʂʰa",
    "cheng": "tʂʰəŋ",
    "chen": "tʂʰən",
    "che5": "tʂʰə5",
    "che": "tʂʰɤ",
    "chi": "tʂʰʅ",
    "chong": "tʂʰuŋ",
    "chou": "tʂʰou",
    "chuai": "tʂʰuai",
    "chuang": "tʂʰuaŋ",
    "chuan": "tʂʰuan",
    "chua": "tʂʰua",
    "chui": "tʂʰuei",
    "chun": "tʂʰuən",
    "chuo": "tʂʰuo",
    "chu": "tʂʰu",
    "ci": "tsʰɿ",
    "cong": "tsʰuŋ",
    "cou": "tsʰou",
    "cuan": "tsʰuan",
    "cui": "tsʰuei",
    "cun": "tsʰuən",
    "cuo": "tsʰuo",
    "cu": "tsʰu",
    "dai": "tai",
    "dang": "taŋ",
    "dan": "tan",
    "dao": "tau",
    "da": "ta",
    "dei": "tei",
    "deng": "təŋ",
    "den": "tən",
    "de5": "tə",
    "de": "tɤ",
    "dian": "tiɛn",
    "diao": "tiau",
    "dia": "tia",
    "die": "tiɛ",
    "ding": "tiŋ",
    "di": "ti",
    "diu": "tiəu",
    "dong": "tuŋ",
    "dou": "tou",
    "duan": "tuan",
    "dui": "tuei",
    "dun": "tuən",
    "duo": "tuo",
    "du": "tu",
    "e5": "ə",
    "e": "ɤ",
    "ei": "ei",
    "en": "ən",
    "eng": "əŋ",
    "er": "ər",
    "fa": "fa",
    "fan": "fan",
    "fang": "faŋ",
    "fe5": "fə",
    "fe": "fɤ",
    "fei": "fei",
    "fen": "fən",
    "feng": "fəŋ",
    "fo": "fo",
    "fou": "fou",
    "fu": "fu",
    "gai": "kai",
    "ga": "ka",
    "gang": "kaŋ",
    "gan": "kan",
    "gao": "kau",
    "gei": "kei",
    "ge5": "kə",
    "ge": "kɤ",
    "geng": "kəŋ",
    "gen": "kən",
    "gong": "kuŋ",
    "gou": "kou",
    "guai": "kuai",
    "gua": "kua",
    "guang": "kuaŋ",
    "guan": "kuan",
    "gui": "kuei",
    "gu": "ku",
    "gun": "kuən",
    "guo": "kuo",
    "hai": "xai",
    "hang": "xaŋ",
    "han": "xan",
    "hao": "xau",
    "ha": "xa",
    "hei": "xei",
    "heng": "xəŋ",
    "hen": "xən",
    "he5": "xə",
    "he": "xɤ",
    "hong": "xuŋ",
    "hou": "xou",
    "huai": "xuai",
    "huang": "xuaŋ",
    "huan": "xuan",
    "hua": "xua",
    "hui": "xuei",
    "hun": "xuən",
    "huo": "xuo",
    "hu": "xu",
    "jiang": "tɕiɑŋ",
    "jian": "tɕiɛn",
    "jiao": "tɕiau",
    "jia": "tɕia",
    "jie": "tɕiɛ",
    "jing": "tɕiŋ",
    "jin": "tɕin",
    "jiong": "tɕyŋ",
    "ji": "tɕi",
    "jiu": "tɕiəu",
    "juan": "tɕyan",
    "jue": "tɕyɛ",
    "jun": "tɕyn",
    "ju": "tɕy",
    "kai": "kʰai",
    "ka": "kʰa",
    "kang": "kʰaŋ",
    "kan": "kʰan",
    "kao": "kʰau",
    "kei": "kʰei",
    "ke5": "kʰə",
    "ke": "kʰɤ",
    "keng": "kʰəŋ",
    "ken": "kʰən",
    "kong": "kʰuŋ",
    "kou": "kʰou",
    "kuai": "kʰuai",
    "kua": "kʰua",
    "kuang": "kʰuaŋ",
    "kuan": "kʰuan",
    "kui": "kʰuei",
    "ku": "kʰu",
    "kun": "kʰuən",
    "kuo": "kʰuo",
    "lai": "lai",
    "la": "la",
    "lang": "laŋ",
    "lan": "lan",
    "lüe": "lyɛ",
    "lü": "ly",
    "lao": "lau",
    "lei": "lei",
    "le5": "lə",
    "le": "lɤ",
    "leng": "ləŋ",
    "lia": "lia",
    "liang": "liɑŋ",
    "lian": "liɛn",
    "liao": "liau",
    "lie": "liɛ",
    "li": "li",
    "ling": "liŋ",
    "lin": "lin",
    "liu": "liəu",
    "lo": "lo",
    "long": "luŋ",
    "lou": "lou",
    "luan": "luan",
    "lu": "lu",
    "lun": "luən",
    "luo": "luo",
    "mai": "mai",
    "ma": "ma",
    "mang": "maŋ",
    "man": "man",
    "mao": "mau",
    "mei": "mei",
    "me5": "mə",
    "me": "mɤ",
    "meng": "məŋ",
    "men": "mən",
    "mian": "miɛn",
    "miao": "miau",
    "mie": "miɛ",
    "mi": "mi",
    "ming": "miŋ",
    "min": "min",
    "miu": "miəu",
    "mo": "mo",
    "mou": "mou",
    "mu": "mu",
    "nai": "nai",
    "na": "na",
    "nang": "naŋ",
    "nan": "nan",
    "nüe": "nyɛ",
    "nü": "ny",
    "nao": "nau",
    "nei": "nei",
    "ne5": "nə",
    "ne": "nɤ",
    "neng": "nəŋ",
    "nen": "nən",
    "niang": "niɑŋ",
    "nian": "niɛn",
    "niao": "niau",
    "nie": "niɛ",
    "ning": "niŋ",
    "ni": "ni",
    "nin": "nin",
    "niu": "niəu",
    "nong": "nuŋ",
    "nou": "nou",
    "nuan": "nuan",
    "nun": "nuən",
    "nu": "nu",
    "nuo": "nuo",
    "o": "o",
    "ou": "ou",
    "pai": "pʰai",
    "pang": "pʰaŋ",
    "pan": "pʰan",
    "pao": "pʰau",
    "pa": "pʰa",
    "pei": "pʰei",
    "peng": "pʰəŋ",
    "pen": "pʰən",
    "pian": "pʰiɛn",
    "piao": "pʰiau",
    "pie": "pʰiɛ",
    "ping": "pʰiŋ",
    "pin": "pʰin",
    "pi": "pʰi",
    "po": "pʰo",
    "pou": "pʰou",
    "pu": "pʰu",
    "qiang": "tɕʰiɑŋ",
    "qian": "tɕʰiɛn",
    "qiao": "tɕʰiau",
    "qia": "tɕʰia",
    "qie": "tɕʰiɛ",
    "qing": "tɕʰiŋ",
    "qin": "tɕʰin",
    "qiong": "tɕʰyŋ",
    "qi": "tɕʰi",
    "qiu": "tɕʰiəu",
    "quan": "tɕʰyan",
    "que": "tɕʰyɛ",
    "qun": "tɕʰyn",
    "qu": "tɕʰy",
    "ran": "ʐan",
    "rang": "ʐaŋ",
    "rao": "ʐau",
    "re5": "ʐə",
    "re": "ʐɤ",
    "ren": "ʐən",
    "reng": "ʐəŋ",
    "ri": "ʐʅ",
    "rong": "ʐuŋ",
    "rou": "ʐou",
    "rua": "ʐua",
    "ruan": "ʐuan",
    "ru": "ʐu",
    "rui": "ʐuei",
    "run": "ʐuən",
    "ruo": "ʐuo",
    "sai": "sai",
    "sang": "saŋ",
    "san": "san",
    "sao": "sau",
    "sa": "sa",
    "seng": "səŋ",
    "sen": "sən",
    "se5": "sə",
    "se": "sɤ",
    "sha": "ʂa",
    "shai": "ʂai",
    "shan": "ʂan",
    "shang": "ʂaŋ",
    "shao": "ʂau",
    "she5": "ʂə",
    "she": "ʂɤ",
    "shei": "ʂei",
    "shen": "ʂən",
    "sheng": "ʂəŋ",
    "shi": "ʂʅ",
    "shou": "ʂou",
    "shua": "ʂua",
    "shuai": "ʂuai",
    "shuan": "ʂuan",
    "shuang": "ʂuaŋ",
    "shu": "ʂu",
    "shui": "ʂuei",
    "shun": "ʂuən",
    "shuo": "ʂuo",
    "si": "sɿ",
    "song": "suŋ",
    "sou": "sou",
    "suan": "suan",
    "sui": "suei",
    "sun": "suən",
    "suo": "suo",
    "su": "su",
    "tai": "tʰai",
    "tang": "tʰaŋ",
    "tan": "tʰan",
    "tao": "tʰau",
    "ta": "tʰa",
    "teng": "tʰəŋ",
    "te5": "tʰə",
    "te": "tʰɤ",
    "tian": "tʰiɛn",
    "tiao": "tʰiau",
    "tie": "tʰiɛ",
    "ting": "tʰiŋ",
    "ti": "tʰi",
    "tong": "tʰuŋ",
    "tou": "tʰou",
    "tuan": "tʰuan",
    "tui": "tʰuei",
    "tun": "tʰuən",
    "tuo": "tʰuo",
    "tu": "tʰu",
    "wai": "uai",
    "wang": "uaŋ",
    "wan": "uan",
    "wa": "ua",
    "wei": "uei",
    "weng": "uəŋ",
    "wen": "uən",
    "wo": "uo",
    "wu": "u",
    "xia": "ɕia",
    "xian": "ɕiɛn",
    "xiang": "ɕiɑŋ",
    "xiao": "ɕiau",
    "xie": "ɕiɛ",
    "xi": "ɕi",
    "xin": "ɕin",
    "xing": "ɕiŋ",
    "xiong": "ɕyŋ",
    "xiu": "ɕiəu",
    "xuan": "ɕyan",
    "xue": "ɕyɛ",
    "xu": "ɕy",
    "xun": "ɕyn",
    "ya": "ia",
    "yang": "iɑŋ",
    "yan": "iɛn",
    "yao": "iau",
    "ye": "iɛ",
    "yi": "i",
    "ying": "iŋ",
    "yin": "in",
    "yong": "yŋ",
    "you": "iəu",
    "yuan": "yan",
    "yue": "yɛ",
    "yun": "yn",
    "yu": "y",
    "zai": "tsai",
    "zang": "tsaŋ",
    "zan": "tsan",
    "zao": "tsau",
    "za": "tsa",
    "zei": "tsei",
    "zeng": "tsəŋ",
    "zen": "tsən",
    "ze5": "tsə",
    "ze": "tsɤ",
    "zhai": "tʂai",
    "zhang": "tʂaŋ",
    "zhan": "tʂan",
    "zhao": "tʂau",
    "zha": "tʂa",
    "zhei": "tʂei",
    "zheng": "tʂəŋ",
    "zhen": "tʂən",
    "zhe5": "tʂə",
    "zhe": "tʂɤ",
    "zhi": "tʂʅ",
    "zhong": "tʂuŋ",
    "zhou": "tʂou",
    "zhuai": "tʂuai",
    "zhuang": "tʂuaŋ",
    "zhuan": "tʂuan",
    "zhua": "tʂua",
    "zhui": "tʂuei",
    "zhun": "tʂuən",
    "zhuo": "tʂuo",
    "zhu": "tʂu",
    "zi": "tsɿ",
    "zong": "tsuŋ",
    "zou": "tsou",
    "zuan": "tsuan",
    "zui": "tsuei",
    "zun": "tsuən",
    "zuo": "tsuo",
    "zu": "tsu"
}