{
    "an": "an",
    "ai": "aɪ̯",
    "ei": "eɪ̯",
    "fan": "fan",
    "fei": "feɪ̯",
    "fu": "fu",
    "fo": "fu̯ɔ",
    "fa": "fɑ",
    "fang": "fɑŋ",
    "fen": "fən",
    "feng": "fəŋ",
    "fou": "fɤʊ̯",
    "yi": "i",
    "yin": "in",
    "ying": "iŋ",
    "yong": "jʊŋ",
    "ye": "iɛ",
    "yan": "iɛn",
    "ya": "i̯ɑ",
    "yang": "i̯ɑŋ",
    "yao": "i̯ɑʊ̯",
    "you": "i̯ɤʊ̯",
    "gan": "kan",
    "gai": "kaɪ̯",
    "gei": "keɪ̯",
    "gu": "ku",
    "guan": "ku̯an",
    "guai": "ku̯aɪ̯",
    "gui": "ku̯eɪ̯",
    "gua": "ku̯ɑ",
    "guang": "ku̯ɑŋ",
    "guo": "ku̯ɔ",
    "gun": "ku̯ən",
    "ga": "kɑ",
    "gang": "kɑŋ",
    "gao": "kɑʊ̯",
    "gen": "kən",
    "geng": "kəŋ",
    "gou": "kɤʊ̯",
    "ge": "kɯ̯ʌ",
    "gong": "kʊŋ",
    "kan": "kʰan",
    "kai": "kʰaɪ̯",
    "kei": "kʰeɪ̯",
    "ku": "kʰu",
    "kuan": "kʰu̯an",
    "kuai": "kʰu̯aɪ̯",
    "kui": "kʰu̯eɪ̯",
    "kua": "kʰu̯ɑ",
    "kuang": "kʰu̯ɑŋ",
    "kuo": "kʰu̯ɔ",
    "kun": "kʰu̯ən",
    "ka": "kʰɑ",
    "kang": "kʰɑŋ",
    "kao": "kʰɑʊ̯",
    "ken": "kʰən",
    "keng": "kʰəŋ",
    "kou": "kʰɤʊ̯",
    "ke": "kʰɯ̯ʌ",
    "kong": "kʰʊŋ",
    "lan": "lan",
    "lai": "laɪ̯",
    "lei": "leɪ̯",
    "li": "li",
    "lin": "lin",
    "ling": "liŋ",
    "lie": "liɛ",
    "lian": "liɛn",
    "lia": "li̯ɑ",
    "liang": "li̯ɑŋ",
    "liao": "li̯ɑʊ̯",
    "liu": "li̯ɤʊ̯",
    "lu": "lu",
    "luan": "lu̯an",
    "lo": "lu̯ɔ",
    "luo": "lu̯ɔ",
    "lun": "lu̯ən",
    "lü": "ly",
    "lüe": "ly̯œ",
    "la": "lɑ",
    "lang": "lɑŋ",
    "lao": "lɑʊ̯",
    "leng": "ləŋ",
    "lou": "lɤʊ̯",
    "le": "lɯ̯ʌ",
    "long": "lʊŋ",
    "man": "man",
    "mai": "maɪ̯",
    "mei": "meɪ̯",
    "mi": "mi",
    "min": "min",
    "ming": "miŋ",
    "mie": "miɛ",
    "mian": "miɛn",
    "miao": "mi̯ɑʊ̯",
    "miu": "mi̯ɤʊ̯",
    "mu": "mu",
    "mo": "mu̯ɔ",
    "ma": "mɑ",
    "mang": "mɑŋ",
    "mao": "mɑʊ̯",
    "men": "mən",
    "meng": "məŋ",
    "mou": "mɤʊ̯",
    "me": "mɯ̯ʌ",
    "nan": "nan",
    "nai": "naɪ̯",
    "nei": "neɪ̯",
    "ni": "ni",
    "nin": "nin",
    "ning": "niŋ",
    "nie": "niɛ",
    "nian": "niɛn",
    "niang": "ni̯ɑŋ",
    "niao": "ni̯ɑʊ̯",
    "niu": "ni̯ɤʊ̯",
    "nu": "nu",
    "nuan": "nu̯an",
    "nuo": "nu̯ɔ",
    "nü": "ny",
    "nüe": "ny̯œ",
    "na": "nɑ",
    "nang": "nɑŋ",
    "nao": "nɑʊ̯",
    "nen": "nən",
    "neng": "nəŋ",
    "nou": "nɤʊ̯",
    "ne": "nɯ̯ʌ",
    "nong": "nʊŋ",
    "ban": "pan",
    "bai": "paɪ̯",
    "bei": "peɪ̯",
    "bi": "pi",
    "bin": "pin",
    "bing": "piŋ",
    "bie": "piɛ",
    "bian": "piɛn",
    "biang": "pi̯ɑŋ",
    "biao": "pi̯ɑʊ̯",
    "bu": "pu",
    "bo": "pu̯ɔ",
    "ba": "pɑ",
    "bang": "pɑŋ",
    "bao": "pɑʊ̯",
    "ben": "pən",
    "beng": "pəŋ",
    "pan": "pʰan",
    "pai": "pʰaɪ̯",
    "pei": "pʰeɪ̯",
    "pi": "pʰi",
    "pin": "pʰin",
    "ping": "pʰiŋ",
    "pie": "pʰiɛ",
    "pian": "pʰiɛn",
    "piao": "pʰi̯ɑʊ̯",
    "pu": "pʰu",
    "po": "pʰu̯ɔ",
    "pa": "pʰɑ",
    "pang": "pʰɑŋ",
    "pao": "pʰɑʊ̯",
    "pen": "pʰən",
    "peng": "pʰəŋ",
    "pou": "pʰɤʊ̯",
    "san": "san",
    "sai": "saɪ̯",
    "su": "su",
    "suan": "su̯an",
    "sui": "su̯eɪ̯",
    "suo": "su̯ɔ",
    "sun": "su̯ən",
    "sa": "sɑ",
    "sang": "sɑŋ",
    "sao": "sɑʊ̯",
    "sen": "sən",
    "seng": "səŋ",
    "sou": "sɤʊ̯",
    "se": "sɯ̯ʌ",
    "si": "sɿ",
    "song": "sʊŋ",
    "dan": "tan",
    "dai": "taɪ̯",
    "dei": "teɪ̯",
    "di": "ti",
    "ding": "tiŋ",
    "die": "tiɛ",
    "dian": "tiɛn",
    "diao": "ti̯ɑʊ̯",
    "diu": "ti̯ɤʊ̯",
    "zan": "tsan",
    "zai": "tsaɪ̯",
    "zei": "tseɪ̯",
    "zu": "tsu",
    "zuan": "tsu̯an",
    "zui": "tsu̯eɪ̯",
    "zuo": "tsu̯ɔ",
    "zun": "tsu̯ən",
    "za": "tsɑ",
    "zang": "tsɑŋ",
    "zao": "tsɑʊ̯",
    "zen": "tsən",
    "zeng": "tsəŋ",
    "zou": "tsɤʊ̯",
    "ze": "tsɯ̯ʌ",
    "zi": "tsɿ",
    "zong": "tsʊŋ",
    "can": "tsʰan",
    "cai": "tsʰaɪ̯",
    "cei": "tsʰeɪ̯",
    "cu": "tsʰu",
    "cuan": "tsʰu̯an",
    "cui": "tsʰu̯eɪ̯",
    "cuo": "tsʰu̯ɔ",
    "cun": "tsʰu̯ən",
    "ca": "tsʰɑ",
    "cang": "tsʰɑŋ",
    "cao": "tsʰɑʊ̯",
    "cen": "tsʰən",
    "ceng": "tsʰəŋ",
    "cou": "tsʰɤʊ̯",
    "ce": "tsʰɯ̯ʌ",
    "ci": "tsʰɿ",
    "cong": "tsʰʊŋ",
    "du": "tu",
    "duan": "tu̯an",
    "dui": "tu̯eɪ̯",
    "duo": "tu̯ɔ",
    "dun": "tu̯ən",
    "da": "tɑ",
    "dang": "tɑŋ",
    "dao": "tɑʊ̯",
    "ji": "tɕi",
    "jin": "tɕin",
    "jing": "tɕiŋ",
    "jie": "tɕiɛ",
    "jian": "tɕiɛn",
    "jia": "tɕi̯ɑ",
    "jiang": "tɕi̯ɑŋ",
    "jiao": "tɕi̯ɑʊ̯",
    "jiu": "tɕi̯ɤʊ̯",
    "jiong": "tɕi̯ʊŋ",
    "ju": "tɕy",
    "jun": "tɕyn",
    "jue": "tɕy̯œ",
    "juan": "tɕy̯ɛn",
    "qi": "tɕʰi",
    "qin": "tɕʰin",
    "qing": "tɕʰiŋ",
    "qie": "tɕʰiɛ",
    "qian": "tɕʰiɛn",
    "qia": "tɕʰi̯ɑ",
    "qiang": "tɕʰi̯ɑŋ",
    "qiao": "tɕʰi̯ɑʊ̯",
    "qiu": "tɕʰi̯ɤʊ̯",
    "qiong": "tɕʰi̯ʊŋ",
    "qu": "tɕʰy",
    "qun": "tɕʰyn",
    "que": "tɕʰy̯œ",
    "quan": "tɕʰy̯ɛn",
    "den": "tən",
    "deng": "təŋ",
    "dou": "tɤʊ̯",
    "de": "tɯ̯ʌ",
    "de5": "tə",
    "zhan": "tʂan",
    "zhai": "tʂaɪ̯",
    "zhei": "tʂeɪ̯",
    "zhu": "tʂu",
    "zhuan": "tʂu̯an",
    "zhuai": "tʂu̯aɪ̯",
    "zhui": "tʂu̯eɪ̯",
    "zhua": "tʂu̯ɑ",
    "zhuo": "tʂu̯ɔ",
    "zhun": "tʂu̯ən",
    "zha": "tʂɑ",
    "zhang": "tʂɑŋ",
    "zhao": "tʂɑʊ̯",
    "zhen": "tʂən",
    "zheng": "tʂəŋ",
    "zhou": "tʂɤʊ̯",
    "zhe": "tʂɯ̯ʌ",
    "zhi": "tʂʅ",
    "zhong": "tʂʊŋ",
    "chan": "tʂʰan",
    "chai": "tʂʰaɪ̯",
    "chu": "tʂʰu",
    "chuan": "tʂʰu̯an",
    "chuai": "tʂʰu̯aɪ̯",
    "chui": "tʂʰu̯eɪ̯",
    "chua": "tʂʰu̯ɑ",
    "chuang": "tʂʰu̯ɑŋ",
    "chuo": "tʂʰu̯ɔ",
    "chun": "tʂʰu̯ən",
    "cha": "tʂʰɑ",
    "chang": "tʂʰɑŋ",
    "chao": "tʂʰɑʊ̯",
    "chen": "tʂʰən",
    "cheng": "tʂʰəŋ",
    "chou": "tʂʰɤʊ̯",
    "che": "tʂʰɯ̯ʌ",
    "chi": "tʂʰʅ",
    "chong": "tʂʰʊŋ",
    "zhuang": "tʂ̯u̯ɑŋ",
    "dong": "tʊŋ",
    "tan": "tʰan",
    "tai": "tʰaɪ̯",
    "ti": "tʰi",
    "ting": "tʰiŋ",
    "tie": "tʰiɛ",
    "tian": "tʰiɛn",
    "tiao": "tʰi̯ɑʊ̯",
    "tu": "tʰu",
    "tuan": "tʰu̯an",
    "tui": "tʰu̯eɪ̯",
    "tuo": "tʰu̯ɔ",
    "tun": "tʰu̯ən",
    "ta": "tʰɑ",
    "tang": "tʰɑŋ",
    "tao": "tʰɑʊ̯",
    "teng": "tʰəŋ",
    "tou": "tʰɤʊ̯",
    "te": "tʰɯ̯ʌ",
    "tong": "tʰʊŋ",
    "wu": "u",
    "wan": "u̯an",
    "wai": "u̯aɪ̯",
    "wei": "u̯eɪ̯",
    "wa": "u̯ɑ",
    "wang": "u̯ɑŋ",
    "wo": "u̯ɔ",
    "wen": "u̯ən",
    "weng": "u̯əŋ",
    "han": "xan",
    "hai": "xaɪ̯",
    "hei": "xeɪ̯",
    "hu": "xu",
    "huan": "xu̯an",
    "huai": "xu̯aɪ̯",
    "hui": "xu̯eɪ̯",
    "hua": "xu̯ɑ",
    "huang": "xu̯ɑŋ",
    "huo": "xu̯ɔ",
    "hun": "xu̯ən",
    "ha": "xɑ",
    "hang": "xɑŋ",
    "hao": "xɑʊ̯",
    "hen": "xən",
    "heng": "xəŋ",
    "hou": "xɤʊ̯",
    "he": "xɯ̯ʌ",
    "hong": "xʊŋ",
    "yu": "y",
    "yun": "yn",
    "yue": "y̯œ",
    "yuan": "y̯ɛn",
    "a": "ɑ",
    "ang": "ɑŋ",
    "er": "ɑɻ",
    "ao": "ɑʊ̯",
    "o": "ɔ",
    "xi": "ɕi",
    "xin": "ɕin",
    "xing": "ɕiŋ",
    "xie": "ɕiɛ",
    "xian": "ɕiɛn",
    "xia": "ɕi̯ɑ",
    "xiang": "ɕi̯ɑŋ",
    "xiao": "ɕi̯ɑʊ̯",
    "xiu": "ɕi̯ɤʊ̯",
    "xiong": "ɕi̯ʊŋ",
    "xu": "ɕy",
    "xun": "ɕyn",
    "xue": "ɕy̯œ",
    "xuan": "ɕy̯ɛn",
    "en": "ən",
    "eng": "əŋ",
    "ou": "ɤʊ̯",
    "e": "ɯ̯ʌ",
    "shan": "ʂan",
    "shai": "ʂaɪ̯",
    "shei": "ʂeɪ̯",
    "shu": "ʂu",
    "shuan": "ʂu̯an",
    "shuai": "ʂu̯aɪ̯",
    "shui": "ʂu̯eɪ̯",
    "shua": "ʂu̯ɑ",
    "shuang": "ʂu̯ɑŋ",
    "shuo": "ʂu̯ɔ",
    "shun": "ʂu̯ən",
    "sha": "ʂɑ",
    "shang": "ʂɑŋ",
    "shao": "ʂɑʊ̯",
    "shen": "ʂən",
    "sheng": "ʂəŋ",
    "shou": "ʂɤʊ̯",
    "she": "ʂɯ̯ʌ",
    "shi": "ʂʅ",
    "ran": "ʐan",
    "ru": "ʐu",
    "ruan": "ʐu̯an",
    "rui": "ʐu̯eɪ̯",
    "rua": "ʐu̯ɑ",
    "ruo": "ʐu̯ɔ",
    "run": "ʐu̯ən",
    "rang": "ʐɑŋ",
    "rao": "ʐɑʊ̯",
    "ren": "ʐən",
    "reng": "ʐəŋ",
    "rou": "ʐɤʊ̯",
    "re": "ʐɯ̯ʌ",
    "ri": "ʐʅ",
    "rong": "ʐʊŋ"
}