拼音声调,2075北京话音系,UntPhesoca宽,UntPhesoca严,Standard Chinese (Beijing),Standard Chinese (Beijing)严,胡裕树《现代汉语》,黄伯荣、廖序东《现代汉语》,钱乃荣《现代汉语》,吴宗济,赵元任《汉语口语语法》,《汉语方音字汇》
a,ɜ,a,ä,a,a̠,ᴀ,ᴀ,ᴀ,ᴀ,ᴀ,ᴀ
ai,ɜɛ̯,aɪ,a̠ɪ̯,ai,aɪ,ai,ai,aⁱ,ae,ai,æɪ
an,ɜɹ̃,an,a̠n̚,an,a̝n,an,an,æⁿ,an,an,an
ang,ʌɰ̃,ɑŋ,ɑ̟ŋ̚,aŋ,a̝ŋ,aŋ,ɑŋ,ɑᵑ,ɑŋ,ɑŋ,ɑŋ
ao,ʌɔ̯,ɑʊ,ɑ̟ʊ̯,au,a̝ʊ,au,ɑu,ɑᵘ,ɑo,ɑu,ɑʊ
ba,pɜ,pa,b̥ä,pa,pa̠,pᴀ,pᴀ,pᴀ,pᴀ,b̥ᴀ,pᴀ
bai,pɜɛ̯,paɪ,b̥a̠ɪ̯,pai,paɪ,pai,pai,paⁱ,pae,b̥ai,pæɪ
ban,pɜɹ̃,pan,b̥a̠n̚,pan,pa̝n,pan,pan,pæⁿ,pan,b̥an,pan
bang,pʌɰ̃,pɑŋ,b̥ɑ̟ŋ̚,paŋ,pa̝ŋ,paŋ,pɑŋ,pɑᵑ,pɑŋ,b̥ɑŋ,pɑŋ
bao,pʌɔ̯,pɑʊ,b̥ɑ̟ʊ̯,pau,pa̝ʊ,pau,pɑu,pɑᵘ,pɑo,b̥ɑu,pɑʊ
bei,pɛe̯,peɪ,b̥e̽ɪ̯,pei,pe̠i,pei,pei,peⁱ,peɪ,b̥ei,peɪ
ben,pɘ̯ɹ̩̃,pən,b̥ə̟n̚,pən,pən,pən,pən,pəⁿ,pən,b̥ən,pən
beng,pɤ̯ɯ̃,pɤŋ,b̥ɤ̽ŋ̚,pəŋ,pəŋ,pəŋ,pəŋ,pəᵑ,pəŋ,b̥ʌŋ,pʌŋ
bi,pi̞,pi,b̥i,pi,pi,pi,pi,pi,pi,b̥i,pi
bian,pɪɹ̃,pjɛn,b̥jɛ̠n̚,pien,pie̞n,pian,piɛn,piɛⁿ,piɛn,b̥iɛn,piɛn
biao,pjəɔ̯,pjɑʊ,b̥jɑ̟ʊ̯,piau,pia̝u,piau,piɑu,piɑᵘ,piɑʊ,b̥iɑu,piɑʊ
bie,pɪ,pjɛ,b̥je̞ɛ̠̑,pie,pie̞,piɛ,piɛ,piɛ,piᴇ,b̥iɛ,piᴇ
bin,pȋ̞ɹ̩̃,pin,b̥ji̞n̚,pin,pin,pin,pin,piɪⁿ,pin,b̥in,pin
bing,pjɘ̯ɯ̃,piŋ,b̥jɪŋ̚,piŋ,piŋ,piŋ,piŋ,piɪᵑ,piəŋ,b̥iŋ,piᵊŋ
bo,pʊ,po,b̥wo̜̽,puo,puo̟,po,po,po,pʊo̞,b̥o,pᵘo̞͑
bu,poʊ̯,pu,b̥u,pu,pu,pu,pu,pu,pu,b̥u,pu
ca,t͡sʰɜ,t͡sʰa,t͡s̟ʰä,tsʰa,tsʰa̠,tsʻᴀ,tsʻᴀ,tsʻᴀ,tsʻᴀ,tsʰᴀ,tsʻᴀ
cai,t͡sʰɜɛ̯,t͡sʰaɪ,t͡s̟ʰa̠ɪ̯,tsʰai,tsʰaɪ,tsʻai,tsʻai,tsʻaⁱ,tsʻae,tsʰai,tsʻæɪ
can,t͡sʰɜɹ̃,t͡sʰan,t͡s̟ʰa̠n̚,tsʰan,tsʰa̝n,tsʻan,tsʻan,tsʻæⁿ,tsʻan,tsʰan,tsʻan
cang,t͡sʰʌɰ̃,t͡sʰɑŋ,t͡s̟ʰɑ̟ŋ̚,tsʰaŋ,tsʰa̝ŋ,tsʻaŋ,tsʻɑŋ,tsʻɑᵑ,tsʻɑŋ,tsʰɑŋ,tsʻɑŋ
cao,t͡sʰʌɔ̯,t͡sʰɑʊ,t͡s̟ʰɑ̟ʊ̯,tsʰau,tsʰa̝ʊ,tsʻau,tsʻɑu,tsʻɑᵘ,tsʻɑo,tsʰɑu,tsʻɑʊ
ce,t͡sʰɯ̽,t͡sʰɤ,t͡s̟ʰɤʌ̟̑,tsʰɤ,tsʰɤʌ̯,tsʻɤ,tsʻɤ,tsʻɤ,tsʻɤᶺ,tsʰɤ,tsʻɤᶺ
cen,t͡sʰɘ̯ɹ̩̃,t͡sʰən,t͡s̟ʰə̟n̚,tsʰən,tsʰən,tsʻən,tsʻən,tsʻəⁿ,tsʻən,tsʰən,tsʻən
ceng,t͡sʰɤ̯ɯ̃,t͡sʰɤŋ,t͡s̟ʰɤ̽ŋ̚,tsʰəŋ,tsʰəŋ,tsʻəŋ,tsʻəŋ,tsʻəᵑ,tsʻəŋ,tsʰʌŋ,tsʻʌŋ
cha,t͡ʂʰɜ,t͡ʂʰa,t͡ʂ̺ʰä,tʃ̺ʰa,tʃ̺ʰa̠,tʂʻᴀ,tʂʻᴀ,tʂʻᴀ,tʂʻᴀ,tʂʰᴀ,tʂʻᴀ
chai,t͡ʂʰɜɛ̯,t͡ʂʰaɪ,t͡ʂ̺ʰa̠ɪ̯,tʃ̺ʰai,tʃ̺ʰaɪ,tʂʻai,tʂʻai,tʂʻaⁱ,tʂʻae,tʂʰai,tʂʻæɪ
chan,t͡ʂʰɜɹ̃,t͡ʂʰan,t͡ʂ̺ʰa̠n̚,tʃ̺ʰan,tʃ̺ʰa̝n,tʂʻan,tʂʻan,tʂʻæⁿ,tʂʻan,tʂʰan,tʂʻan
chang,t͡ʂʰʌɰ̃,t͡ʂʰɑŋ,t͡ʂ̺ʰɑ̟ŋ̚,tʃ̺ʰaŋ,tʃ̺ʰa̝ŋ,tʂʻaŋ,tʂʻɑŋ,tʂʻɑᵑ,tʂʻɑŋ,tʂʰɑŋ,tʂʻɑŋ
chao,t͡ʂʰʌɔ̯,t͡ʂʰɑʊ,t͡ʂ̺ʰɑ̟ʊ̯,tʃ̺ʰau,tʃ̺ʰa̝ʊ,tʂʻau,tʂʻɑu,tʂʻɑᵘ,tʂʻɑo,tʂʰɑu,tʂʻɑʊ
che,t͡ʂʰɯ̽,t͡ʂʰɤ,t͡ʂ̺ʰɤʌ̟̑,tʃ̺ʰɤ,tʃ̺ʰɤʌ̯,tʂʻɤ,tʂʻɤ,tʂʻɤ,tʂʻɤᶺ,tʂʰɤ,tʂʻɤᶺ
chen,t͡ʂʰɘ̯ɹ̩̃,t͡ʂʰən,t͡ʂ̺ʰə̟n̚,tʃ̺ʰən,tʃ̺ʰən,tʂʻən,tʂʻən,tʂʻəⁿ,tʂʻən,tʂʰən,tʂʻən
cheng,t͡ʂʰɤ̯ɯ̃,t͡ʂʰɤŋ,t͡ʂ̺ʰɤ̽ŋ̚,tʃ̺ʰəŋ,tʃ̺ʰəŋ,tʂʻəŋ,tʂʻəŋ,tʂʻəᵑ,tʂʻəŋ,tʂʰʌŋ,tʂʻʌŋ
chi,t͡ʂʰɘ̻˞,t͡ʂʰɻ̍,t͡ʂ̺ʰɻ̺̍,tʃ̺ʰɹ̩,tʃ̺ʰɹ̩,tʂʻʅ,tʂʻʅ,tʂʻʅ,tʂʻʅ,tʂʰɹ̩,tʂʻʅ
chong,t͡ʂʰo̯ũ,t͡ʂʰʊŋ,t͡ʂ̺ʰʷʊŋ̚ʷ,tʃ̺ʰuŋ,tʃ̺ʰʊŋ,tʂʻuŋ,tʂʻuŋ,tʂʻʊᵑ,tʂʻʊŋ,tʂʰɷŋ,tʂʻʊŋ
chou,t͡ʂʰɔo̯,t͡ʂʰoʊ,t͡ʂ̺ʰʷo̜̽ʊ̯,tʃ̺ʰou,tʃ̺ʰo̟u,tʂʻou,tʂʻou,tʂʻɤᵘ,tʂʻoʊ,tʂʰou,tʂʻoʊ
chu,t͡ʂʰoʊ̯,t͡ʂʰu,t͡ʂ̺ʰu,tʃ̺ʰu,tʃ̺ʰu,tʂʻu,tʂʻu,tʂʻu,tʂʻu,tʂʰu,tʂʻu
chuai,t͡ʂʰwəɛ̯,t͡ʂʰwaɪ,t͡ʂ̺ʰwa̠ɪ̯,tʃ̺ʰuai,tʃ̺ʰua̝i,tʂʻuai,tʂʻuai,tʂʻuaⁱ,tʂʻuae,tʂʰuai,tʂʻuæɪ
chuan,t͡ʂʰwɞɹ̃,t͡ʂʰwan,t͡ʂ̺ʰwa̠n̚,tʃ̺ʰuan,tʃ̺ʰu̟an,tʂʻuan,tʂʻuan,tʂʻuaⁿ,tʂʻuan,tʂʰuan,tʂʻuan
chuang,t͡ʂʰwoɰ̃,t͡ʂʰwɑŋ,t͡ʂ̺ʰwɑ̟ŋ̚,tʃ̺ʰuaŋ,tʃ̺ʰu̟aŋ,tʂʻuaŋ,tʂʻuɑŋ,tʂʻuɑᵑ,tʂʻuɑŋ,tʂʰuɑŋ,tʂʻuɑŋ
chui,t͡ʂʰwɛe̯,t͡ʂʰweɪ,t͡s̟ʰuɘ̹̑ɪ̯,tʃ̺ʰuei,tʃ̺ʰue̠i,tʂʻuei,tʂʻuei,tʂʻueⁱ,tʂʻueɪ,tʂʰuei,tʂʻueɪ
chun,t͡ʂʰwɵ̯ɹ̩̃,t͡ʂʰwən,t͡s̟ʰuɘ̹̑n̚,tʃ̺ʰuən,tʃ̺ʰuən,tʂʻuən,tʂʻuən,tʂʻuəⁿ,tʂʻuən,tʂʰuən,tʂʻuən
chuo,t͡ʂʰʊ,t͡ʂʰwo,t͡s̟ʰwo̜̽,tʃ̺ʰuo,tʃ̺ʰuo̟,tʂʻuo,tʂʻuo,tʂʻuo,tʂʻuo,tsʰuɤ,tʂʻuo̞͑
ci,t͡sʰɘʴ,t͡sʰɹ̩,t͡s̟ʰɹ̟̍,tsʰɹ̩,tsʰɹ̩,tsʻɿ,tsʻɿ,tsʻɿ,tsʻɿ,tsʰz̩,tsʻɿ
cong,t͡sʰo̯ũ,t͡sʰʊŋ,t͡s̟ʰʷʊŋ̚ʷ,tsʰuŋ,tsʰʊŋ,tsʻuŋ,tsʻuŋ,tsʻʊᵑ,tsʻʊŋ,tsʰɷŋ,tsʻʊŋ
cou,t͡sʰɔo̯,t͡sʰoʊ,t͡s̟ʰʷo̜̽ʊ̯,tsʰou,tsʰo̟u,tsʻou,tsʻou,tsʻɤᵘ,tsʻoʊ,tsʰou,tsʻoʊ
cu,t͡sʰoʊ̯,t͡sʰu,t͡s̟ʰu,tsʰu,tsʰu,tsʻu,tsʻu,tsʻu,tsʻu,tsʰu,tsʻu
cuan,t͡sʰwɞɹ̃,t͡sʰwan,t͡s̟ʰwa̠n̚,tsʰuan,tsʰu̟an,tsʻuan,tsʻuan,tsʻuaⁿ,tsʻuan,tsʰuan,tsʻuan
cui,t͡sʰwɛe̯,t͡sʰweɪ,t͡s̟ʰuɘ̹̑ɪ̯,tsʰuei,tsʰue̠i,tsʻuei,tsʻuei,tsʻueⁱ,tsʻueɪ,tsʰuei,tsʻueɪ
cun,t͡sʰwɵ̯ɹ̩̃,t͡sʰwən,t͡s̟ʰuɘ̹̑n̚,tsʰuən,tsʰuən,tsʻuən,tsʻuən,tsʻuəⁿ,tsʻuən,tsʰuən,tsʻuən
cuo,t͡sʰʊ,t͡sʰwo,t͡s̟ʰwo̜̽,tsʰuo,tsʰuo̟,tsʻuo,tsʻuo,tsʻuo,tsʻuo,tsʰuɤ,tsʻuo̞͑
da,tɜ,ta,d̥ä,ta,ta̠,tᴀ,tᴀ,tᴀ,tᴀ,d̥ᴀ,tᴀ
dai,tɜɛ̯,taɪ,d̥a̠ɪ̯,tai,taɪ,tai,tai,taⁱ,tae,d̥ai,tæɪ
dan,tɜɹ̃,tan,d̥a̠n̚,tan,ta̝n,tan,tan,tæⁿ,tan,d̥an,tan
dang,tʌɰ̃,tɑŋ,d̥ɑ̟ŋ̚,taŋ,ta̝ŋ,taŋ,tɑŋ,tɑᵑ,tɑŋ,d̥ɑŋ,tɑŋ
dao,tʌɔ̯,tɑʊ,d̥ɑ̟ʊ̯,tau,ta̝ʊ,tau,tɑu,tɑᵘ,tɑo,d̥ɑu,tɑʊ
de,tɯ̽,tɤ,d̥ɤʌ̟̑,tɤ,tɤʌ̯,tɤ,tɤ,tɤ,tɤᶺ,d̥ɤ,tɤᶺ
dei,tɛe̯,teɪ,d̥e̽ɪ̯,tei,te̠i,tei,tei,teⁱ,teɪ,d̥ei,teɪ
den,tɘ̯ɹ̩̃,tən,d̥ə̟n̚,tən,tən,tən,tən,təⁿ,tən,d̥ən,tən
deng,tɤ̯ɯ̃,tɤŋ,d̥ɤ̽ŋ̚,təŋ,təŋ,təŋ,təŋ,təᵑ,təŋ,d̥ʌŋ,tʌŋ
di,ti̞,ti,d̥i,ti,ti,ti,ti,ti,ti,d̥i,ti
dia,tjɜ,tja,d̥jä,tia,tia,tia,tiᴀ,tiᴀ,tiᴀ,d̥iᴀ,tiᴀ
dian,tɪɹ̃,tjɛn,d̥jɛ̠n̚,tien,tie̞n,tian,tiɛn,tiɛⁿ,tiɛn,d̥iɛn,tiɛn
diao,tjəɔ̯,tjɑʊ,d̥jɑ̟ʊ̯,tiau,tia̝u,tiau,tiɑu,tiɑᵘ,tiɑʊ,d̥iɑu,tiɑʊ
die,tɪ,tjɛ,d̥je̞ɛ̠̑,tie,tie̞,tiɛ,tiɛ,tiɛ,tiᴇ,d̥iɛ,tiᴇ
ding,tjɘ̯ɯ̃,tiŋ,d̥jɪŋ̚,tiŋ,tiŋ,tiŋ,tiŋ,tiɪᵑ,tiəŋ,d̥iŋ,tiᵊŋ
dong,to̯ũ,tʊŋ,d̥ʷʊŋ̚ʷ,tuŋ,tʊŋ,tuŋ,tuŋ,tʊᵑ,tʊŋ,d̥ɷŋ,tʊŋ
dou,tɔo̯,toʊ,d̥ʷo̜̽ʊ̯,tou,to̟u,tou,tou,tɤᵘ,toʊ,d̥ou,toʊ
du,toʊ̯,tu,d̥u,tu,tu,tu,tu,tu,tu,d̥u,tu
duan,twɞɹ̃,twan,d̥wa̠n̚,tuan,tu̟an,tuan,tuan,tuaⁿ,tuan,d̥uan,tuan
dui,twɛe̯,tweɪ,d̥uɘ̹̑ɪ̯,tuei,tue̠i,tuei,tuei,tueⁱ,tueɪ,d̥uei,tueɪ
dun,twɵ̯ɹ̩̃,twən,d̥uɘ̹̑n̚,tuən,tuən,tuən,tuən,tuəⁿ,tuən,d̥uən,tuən
duo,tʊ,two,d̥wo̜̽,tuo,tuo̟,tuo,tuo,tuo,tuo,d̥uɤ,tuo̞͑
e,ɯ̽,ɤ,ɤʌ̟̑,ɤ,ɤʌ̯,ɤ,ɤ,ɤ,ɤᶺ,ɤ,ɤᶺ
ei,ɛe̯,eɪ,e̽ɪ̯,ei,e̠i,ei,ei,eⁱ,eɪ,ei,eɪ
en,ɘ̯ɹ̩̃,ən,ə̟n̚,ən,ən,ən,ən,əⁿ,ən,ən,ən
eng,ɤ̯ɯ̃,ɤŋ,ɤ̽ŋ̚,əŋ,əŋ,əŋ,əŋ,əᵑ,əŋ,ʌŋ,ʌŋ
er,əɻ,əɻ,ə̠ɻ˕,ɚ,ɚ,ɚ,ɚ,ɚ,ɚ,ɚ,ᶺə˞
fa,fɜ,fa,fä,fa,fa̠,fᴀ,fᴀ,fᴀ,fᴀ,fᴀ,fᴀ
fan,fɜɹ̃,fan,fa̠n̚,fan,fa̝n,fan,fan,fæⁿ,fan,fan,fan
fang,fʌɰ̃,fɑŋ,fɑ̟ŋ̚,faŋ,fa̝ŋ,faŋ,fɑŋ,fɑᵑ,fɑŋ,fɑŋ,fɑŋ
fei,fɛe̯,feɪ,fe̽ɪ̯,fei,fe̠i,fei,fei,feⁱ,feɪ,fei,feɪ
fen,fɘ̯ɹ̩̃,fən,fə̟n̚,fən,fən,fən,fən,fəⁿ,fən,fən,fən
feng,fɤ̯ɯ̃,fɤŋ,fɤ̽ŋ̚,fəŋ,fəŋ,fəŋ,fəŋ,fəᵑ,fəŋ,fʌŋ,fʌŋ
fiao,fjəɔ̯,fjɑʊ,fjɑ̟ʊ̯,fiau,fia̝u,fiau,fiɑu,fiɑᵘ,fiɑʊ,fiɑu,fiɑʊ
fo,foʋ,fo,fwo̜̽,fuo,fuo̟,fo,fo,fo,fʊo̞,fo,fᵘo̞͑
fou,fɔo̯,foʊ,fʷo̜̽ʊ̯,fou,fo̟u,fou,fou,fɤᵘ,foʊ,fou,foʊ
fu,foʊ̯,fʋ̩,fu̜ᶹ,fu,fu,fu,fu,fu,fu,fu,fu
ga,qɜ,ka,ɡ̊ä,ka,ka̠,kᴀ,kᴀ,kᴀ,kᴀ,ɡ̊ᴀ,kᴀ
gai,qɜɛ̯,kaɪ,ɡ̊a̠ɪ̯,kai,kaɪ,kai,kai,kaⁱ,kae,ɡ̊ai,kæɪ
gan,qɜɹ̃,kan,ɡ̊a̠n̚,kan,ka̝n,kan,kan,kæⁿ,kan,ɡ̊an,kan
gang,qʌɰ̃,kɑŋ,ɡ̊ɑ̟ŋ̚,kaŋ,ka̝ŋ,kaŋ,kɑŋ,kɑᵑ,kɑŋ,ɡ̊ɑŋ,kɑŋ
gao,qʌɔ̯,kɑʊ,ɡ̊ɑ̟ʊ̯,kau,ka̝ʊ,kau,kɑu,kɑᵘ,kɑo,ɡ̊ɑu,kɑʊ
ge,qɯ̽,kɤ,ɡ̊ɤʌ̟̑,kɤ,kɤʌ̯,kɤ,kɤ,kɤ,kɤᶺ,ɡ̊ɤ,kɤᶺ
gei,qɛe̯,keɪ,ɡ̊e̽ɪ̯,kei,ke̠i,kei,kei,keⁱ,keɪ,ɡ̊ei,keɪ
gen,qɘ̯ɹ̩̃,kən,ɡ̊ə̟n̚,kən,kən,kən,kən,kəⁿ,kən,ɡ̊ən,kən
geng,qɤ̯ɯ̃,kɤŋ,ɡ̊ɤ̽ŋ̚,kəŋ,kəŋ,kəŋ,kəŋ,kəᵑ,kəŋ,ɡ̊ʌŋ,kʌŋ
gong,qo̯ũ,kʊŋ,ɡ̊ʷʊŋ̚ʷ,kuŋ,kʊŋ,kuŋ,kuŋ,kʊᵑ,kʊŋ,ɡ̊ɷŋ,kʊŋ
gou,qɔo̯,koʊ,ɡ̊ʷo̜̽ʊ̯,kou,ko̟u,kou,kou,kɤᵘ,koʊ,ɡ̊ou,koʊ
gu,qoʊ̯,ku,ɡ̊u,ku,ku,ku,ku,ku,ku,ɡ̊u,ku
gua,qwɜ,kwa,ɡ̊wä,kua,ku̟a,kua,kuᴀ,kuᴀ,kuᴀ,ɡ̊uᴀ,kuᴀ
guai,qwəɛ̯,kwaɪ,ɡ̊wa̠ɪ̯,kuai,kua̝i,kuai,kuai,kuaⁱ,kuae,ɡ̊uai,kuæɪ
guan,qwɞɹ̃,kwan,ɡ̊wa̠n̚,kuan,ku̟an,kuan,kuan,kuaⁿ,kuan,ɡ̊uan,kuan
guang,qwoɰ̃,kwɑŋ,ɡ̊wɑ̟ŋ̚,kuaŋ,ku̟aŋ,kuaŋ,kuɑŋ,kuɑᵑ,kuɑŋ,ɡ̊uɑŋ,kuɑŋ
gui,qwɛe̯,kweɪ,ɡ̊we̠ɪ̯,kuei,kue̠i,kuei,kuei,kueⁱ,kueɪ,ɡ̊uei,kueɪ
gun,qwɵ̯ɹ̩̃,kwən,ɡ̊wən̚,kuən,kuən,kuən,kuən,kuəⁿ,kuən,ɡ̊uən,kuən
guo,qʊ,kwo,ɡ̊wo̜̽,kuo,kuo̟,kuo,kuo,kuo,kuo,ɡ̊uɤ,kuo̞͑
ha,χɜ,xa,x̞ä,xa,xa̠,xᴀ,xᴀ,xᴀ,xᴀ,xᴀ,xᴀ
hai,χɜɛ̯,xaɪ,x̞a̠ɪ̯,xai,xaɪ,xai,xai,xaⁱ,xae,xai,xæɪ
han,χɜɹ̃,xan,x̞a̠n̚,xan,xa̝n,xan,xan,xæⁿ,xan,xan,xan
hang,χʌɰ̃,xɑŋ,x̞ɑ̟ŋ̚,xaŋ,xa̝ŋ,xaŋ,xɑŋ,xɑᵑ,xɑŋ,xɑŋ,xɑŋ
hao,χʌɔ̯,xɑʊ,x̞ɑ̟ʊ̯,xau,xa̝ʊ,xau,xɑu,xɑᵘ,xɑo,xɑu,xɑʊ
he,χɯ̽,xɤ,x̞ɤʌ̟̑,xɤ,xɤʌ̯,xɤ,xɤ,xɤ,xɤᶺ,xɤ,xɤᶺ
hei,χɛe̯,xeɪ,x̞e̽ɪ̯,xei,xe̠i,xei,xei,xeⁱ,xeɪ,xei,xeɪ
hen,χɘ̯ɹ̩̃,xən,x̞ə̟n̚,xən,xən,xən,xən,xəⁿ,xən,xən,xən
heng,χɤ̯ɯ̃,xɤŋ,x̞ɤ̽ŋ̚,xəŋ,xəŋ,xəŋ,xəŋ,xəᵑ,xəŋ,xʌŋ,xʌŋ
hong,χo̯ũ,xʊŋ,x̞ʷʊŋ̚ʷ,xuŋ,xʊŋ,xuŋ,xuŋ,xʊᵑ,xʊŋ,xɷŋ,xʊŋ
hou,χɔo̯,xoʊ,x̞ʷo̜̽ʊ̯,xou,xo̟u,xou,xou,xɤᵘ,xoʊ,xou,xoʊ
hu,χoʊ̯,xu,x̞u,xu,xu,xu,xu,xu,xu,xu,xu
hua,χwɜ,xwa,x̞wä,xua,xu̟a,xua,xuᴀ,xuᴀ,xuᴀ,xuᴀ,xuᴀ
huai,χwəɛ̯,xwaɪ,x̞wa̠ɪ̯,xuai,xua̝i,xuai,xuai,xuaⁱ,xuae,xuai,xuæɪ
huan,χwɞɹ̃,xwan,x̞wa̠n̚,xuan,xu̟an,xuan,xuan,xuaⁿ,xuan,xuan,xuan
huang,χwoɰ̃,xwɑŋ,x̞wɑ̟ŋ̚,xuaŋ,xu̟aŋ,xuaŋ,xuɑŋ,xuɑᵑ,xuɑŋ,xuɑŋ,xuɑŋ
hui,χwɛe̯,xweɪ,x̞we̠ɪ̯,xuei,xue̠i,xuei,xuei,xueⁱ,xueɪ,xuei,xueɪ
hun,χwɵ̯ɹ̩̃,xwən,x̞wən̚,xuən,xuən,xuən,xuən,xuəⁿ,xuən,xuən,xuən
huo,χʊ,xwo,x̞wo̜̽,xuo,xuo̟,xuo,xuo,xuo,xuo,xuɤ,xuo̞͑
ji,t͡si̞,t͡ɕi,d̥͡ʑ̥i,tɕi,tɕi,tɕi,tɕi,tɕi,tɕi,tɕi,tɕi
jia,t͡sjɜ,t͡ɕja,d̥͡ʑ̥jä,tɕia,tɕia,tɕia,tɕiᴀ,tɕiᴀ,tɕiᴀ,tɕiᴀ,tɕiᴀ
jian,t͡sɪɹ̃,t͡ɕjɛn,d̥͡ʑ̥jɛ̠n̚,tɕien,tɕie̞n,tɕian,tɕiɛn,tɕiɛⁿ,tɕiɛn,tɕiɛn,tɕiɛn
jiang,t͡sjəɰ̃,t͡ɕjɑŋ,d̥͡ʑ̥jɑ̟ŋ̚,tɕiaŋ,tɕiaŋ,tɕiaŋ,tɕiɑŋ,tɕiɑᵑ,tɕiɑŋ,tɕiɑŋ,tɕiɑŋ
jiao,t͡sjəɔ̯,t͡ɕjɑʊ,d̥͡ʑ̥jɑ̟ʊ̯,tɕiau,tɕia̝u,tɕiau,tɕiɑu,tɕiɑᵘ,tɕiɑʊ,tɕiɑu,tɕiɑʊ
jie,t͡sɪ,t͡ɕjɛ,d̥͡ʑ̥je̞ɛ̠̑,tɕie,tɕie̞,tɕiɛ,tɕiɛ,tɕiɛ,tɕiᴇ,tɕiɛ,tɕiᴇ
jin,t͡sȋ̞ɹ̩̃,t͡ɕin,d̥͡ʑ̥ji̞n̚,tɕin,tɕin,tɕin,tɕin,tɕiɪⁿ,tɕin,tɕin,tɕin
jing,t͡sjɘ̯ɯ̃,t͡ɕiŋ,d̥͡ʑ̥jɪŋ̚,tɕiŋ,tɕiŋ,tɕiŋ,tɕiŋ,tɕiɪᵑ,tɕiəŋ,tɕiŋ,tɕiᵊŋ
jiong,t͡ɕˢɥɵ̯ũ,t͡ɕjʊŋ,d̥͡ʑ̥ɥ͑ʊ̟ŋ̚ʷ,tɕiuŋ,tɕiu̟ŋ,tɕyŋ,tɕyŋ,tɕyɪᵑ,tɕyʊŋ,tɕiɷŋ,tɕyŋ
jiu,t͡sjɔo̯,t͡ɕjoʊ,d̥͡ʑ̥j͗o̟͑ʊ̯,tɕiou,tɕio̟u,tɕiou,tɕiou,tɕiɤᵘ,tɕioʊ,tɕiou,tɕioʊ
ju,t͡ɕˢoʊ̯,t͡ɕy,d̥͡ʑ̥u,tɕy,tɕy,tɕy,tɕy,tɕy,tɕy,tɕy,tɕy
juan,t͡ɕˢɥɵɹ̃,t͡ɕɥæn,d̥͡ʑ̥ɥʏ̯̈æ̠͗n̚,tɕyen,tɕye̞n,tɕyan,tɕyan,tɕyaⁿ,tɕyɛn,tɕyan,tɕyan
jue,t͡ɕˢʏ,t͡ɕɥɛ,d̥͡ʑ̥ɥe̞͗ɛ̠̑,tɕye,tɕye̞,tɕyɛ,tɕyɛ,tɕyɛ,tɕyᴇ,tɕyɛ,tɕyᴇ
jun,t͡ɕˢø̯ɹ̩̃,t͡ɕyn,d̥͡ʑ̥uɘ̹̑n̚,tɕyn,tɕyn,tɕyn,tɕyn,tɕyɪⁿ,tɕyn,tɕyn,tɕyn
ka,qʰɜ,kʰa,kʰä,kʰa,kʰa̠,kʻᴀ,kʻᴀ,kʻᴀ,kʻᴀ,kʰᴀ,kʻᴀ
kai,qʰɜɛ̯,kʰaɪ,kʰa̠ɪ̯,kʰai,kʰaɪ,kʻai,kʻai,kʻaⁱ,kʻae,kʰai,kʻæɪ
kan,qʰɜɹ̃,kʰan,kʰa̠n̚,kʰan,kʰa̝n,kʻan,kʻan,kʻæⁿ,kʻan,kʰan,kʻan
kang,qʰʌɰ̃,kʰɑŋ,kʰɑ̟ŋ̚,kʰaŋ,kʰa̝ŋ,kʻaŋ,kʻɑŋ,kʻɑᵑ,kʻɑŋ,kʰɑŋ,kʻɑŋ
kao,qʰʌɔ̯,kʰɑʊ,kʰɑ̟ʊ̯,kʰau,kʰa̝ʊ,kʻau,kʻɑu,kʻɑᵘ,kʻɑo,kʰɑu,kʻɑʊ
ke,qʰɯ̽,kʰɤ,kʰɤʌ̟̑,kʰɤ,kʰɤʌ̯,kʻɤ,kʻɤ,kʻɤ,kʻɤᶺ,kʰɤ,kʻɤᶺ
ken,qʰɘ̯ɹ̩̃,kʰən,kʰə̟n̚,kʰən,kʰən,kʻən,kʻən,kʻəⁿ,kʻən,kʰən,kʻən
keng,qʰɤ̯ɯ̃,kʰɤŋ,kʰɤ̽ŋ̚,kʰəŋ,kʰəŋ,kʻəŋ,kʻəŋ,kʻəᵑ,kʻəŋ,kʰʌŋ,kʻʌŋ
kong,qʰo̯ũ,kʰʊŋ,kʰʷʊŋ̚ʷ,kʰuŋ,kʰʊŋ,kʻuŋ,kʻuŋ,kʻʊᵑ,kʻʊŋ,kʰɷŋ,kʻʊŋ
kou,qʰɔo̯,kʰoʊ,kʰʷo̜̽ʊ̯,kʰou,kʰo̟u,kʻou,kʻou,kʻɤᵘ,kʻoʊ,kʰou,kʻoʊ
ku,qʰoʊ̯,kʰu,kʰu,kʰu,kʰu,kʻu,kʻu,kʻu,kʻu,kʰu,kʻu
kua,qʰwɜ,kʰwa,kʰwä,kʰua,kʰu̟a,kʻua,kʻuᴀ,kʻuᴀ,kʻuᴀ,kʰuᴀ,kʻuᴀ
kuai,qʰwəɛ̯,kʰwaɪ,kʰwa̠ɪ̯,kʰuai,kʰua̝i,kʻuai,kʻuai,kʻuaⁱ,kʻuae,kʰuai,kʻuæɪ
kuan,qʰwɞɹ̃,kʰwan,kʰwa̠n̚,kʰuan,kʰu̟an,kʻuan,kʻuan,kʻuaⁿ,kʻuan,kʰuan,kʻuan
kuang,qʰwoɰ̃,kʰwɑŋ,kʰwɑ̟ŋ̚,kʰuaŋ,kʰu̟aŋ,kʻuaŋ,kʻuɑŋ,kʻuɑᵑ,kʻuɑŋ,kʰuɑŋ,kʻuɑŋ
kui,qʰwɛe̯,kʰweɪ,kʰwe̠ɪ̯,kʰuei,kʰue̠i,kʻuei,kʻuei,kʻueⁱ,kʻueɪ,kʰuei,kʻueɪ
kun,qʰwɵ̯ɹ̩̃,kʰwən,kʰwən̚,kʰuən,kʰuən,kʻuən,kʻuən,kʻuəⁿ,kʻuən,kʰuən,kʻuən
kuo,qʰʊ,kʰwo,kʰwo̜̽,kʰuo,kʰuo̟,kʻuo,kʻuo,kʻuo,kʻuo,kʰuɤ,kʻuo̞͑
la,l̠ɜ,la,l̠ä,la,la̠,lᴀ,lᴀ,lᴀ,lᴀ,lᴀ,lᴀ
lai,l̠ɜɛ̯,laɪ,l̠a̠ɪ̯,lai,laɪ,lai,lai,laⁱ,lae,lai,læɪ
lan,l̠ɜɹ̃,lan,l̠a̠n̚,lan,la̝n,lan,lan,læⁿ,lan,lan,lan
lang,l̠ʌɰ̃,lɑŋ,l̠ɑ̟ŋ̚,laŋ,la̝ŋ,laŋ,lɑŋ,lɑᵑ,lɑŋ,lɑŋ,lɑŋ
lao,l̠ʌɔ̯,lɑʊ,l̠ɑ̟ʊ̯,lau,la̝ʊ,lau,lɑu,lɑᵘ,lɑo,lɑu,lɑʊ
le,l̠ɯ̽,lɤ,l̠ɤʌ̟̑,lɤ,lɤʌ̯,lɤ,lɤ,lɤ,lɤᶺ,lɤ,lɤᶺ
lei,l̠ɛe̯,leɪ,l̠e̽ɪ̯,lei,le̠i,lei,lei,leⁱ,leɪ,lei,leɪ
leng,l̠ɤ̯ɯ̃,lɤŋ,l̠ɤ̽ŋ̚,ləŋ,ləŋ,ləŋ,ləŋ,ləᵑ,ləŋ,lʌŋ,lʌŋ
li,l̠i̞,li,l̠i,li,li,li,li,li,li,li,li
lia,l̠jɜ,lja,l̠jä,lia,lia,lia,liᴀ,liᴀ,liᴀ,liᴀ,liᴀ
lian,l̠ɪɹ̃,ljɛn,l̠jɛ̠n̚,lien,lie̞n,lian,liɛn,liɛⁿ,liɛn,liɛn,liɛn
liang,l̠jəɰ̃,ljɑŋ,l̠jɑ̟ŋ̚,liaŋ,liaŋ,liaŋ,liɑŋ,liɑᵑ,liɑŋ,liɑŋ,liɑŋ
liao,l̠jəɔ̯,ljɑʊ,l̠jɑ̟ʊ̯,liau,lia̝u,liau,liɑu,liɑᵘ,liɑʊ,liɑu,liɑʊ
lie,l̠ɪ,ljɛ,l̠je̞ɛ̠̑,lie,lie̞,liɛ,liɛ,liɛ,liᴇ,liɛ,liᴇ
lin,l̠ȋ̞ɹ̩̃,lin,l̠ji̞n̚,lin,lin,lin,lin,liɪⁿ,lin,lin,lin
ling,l̠jɘ̯ɯ̃,liŋ,l̠jɪŋ̚,liŋ,liŋ,liŋ,liŋ,liɪᵑ,liəŋ,liŋ,liᵊŋ
liu,l̠jɔo̯,ljoʊ,l̠j͗o̟͑ʊ̯,liou,lio̟u,liou,liou,liɤᵘ,lioʊ,liou,lioʊ
lo,l̠ɔo̯,lo,l̠o̜̽ʊ̯,luo,luo̟,lo,lo,lo,lo̞,lo,lᵘo̞͑
long,l̠o̯ũ,lʊŋ,l̠ʷʊŋ̚ʷ,luŋ,lʊŋ,luŋ,luŋ,lʊᵑ,lʊŋ,lɷŋ,lʊŋ
lou,l̠ɔo̯,loʊ,l̠ʷo̜̽ʊ̯,lou,lo̟u,lou,lou,lɤᵘ,loʊ,lou,loʊ
lu,l̠oʊ̯,lu,l̠u,lu,lu,lu,lu,lu,lu,lu,lu
luan,l̠wɞɹ̃,lwan,l̠wa̠n̚,luan,lu̟an,luan,luan,luaⁿ,luan,luan,luan
lun,l̠wɵ̯ɹ̩̃,lwən,l̠uɘ̹̑n̚,luən,luən,luən,luən,luəⁿ,luən,luən,luən
luo,l̠ʊ,lwo,l̠wo̜̽,luo,luo̟,luo,luo,luo,luo,luɤ,luo̞͑
lv,l̠øʏ̯,ly,l̠y,ly,ly,ly,ly,ly,ly,ly,ly
lve,l̠ʏ,lɥɛ,l̠ɥe̞͗ɛ̠̑,lye,lye̞,lyɛ,lyɛ,lyɛ,lyᴇ,lyɛ,lyᴇ
ma,mɜ,ma,mä,ma,ma̠,mᴀ,mᴀ,mᴀ,mᴀ,mᴀ,mᴀ
mai,mɜɛ̯,maɪ,ma̠ɪ̯,mai,maɪ,mai,mai,maⁱ,mae,mai,mæɪ
man,mɜɹ̃,man,ma̠n̚,man,ma̝n,man,man,mæⁿ,man,man,man
mang,mʌɰ̃,mɑŋ,mɑ̟ŋ̚,maŋ,ma̝ŋ,maŋ,mɑŋ,mɑᵑ,mɑŋ,mɑŋ,mɑŋ
mao,mʌɔ̯,mɑʊ,mɑ̟ʊ̯,mau,ma̝ʊ,mau,mɑu,mɑᵘ,mɑo,mɑu,mɑʊ
me,mɯ̽,mɤ,mɤʌ̟̑,mɤ,mɤʌ̯,mɤ,mɤ,mɤ,mɤᶺ,mɤ,mɤᶺ
mei,mɛe̯,meɪ,me̽ɪ̯,mei,me̠i,mei,mei,meⁱ,meɪ,mei,meɪ
men,mɘ̯ɹ̩̃,mən,mə̟n̚,mən,mən,mən,mən,məⁿ,mən,mən,mən
meng,mɤ̯ɯ̃,mɤŋ,mɤ̽ŋ̚,məŋ,məŋ,məŋ,məŋ,məᵑ,məŋ,mʌŋ,mʌŋ
mi,mi̞,mi,mi,mi,mi,mi,mi,mi,mi,mi,mi
mian,mɪɹ̃,mjɛn,mjɛ̠n̚,mien,mie̞n,mian,miɛn,miɛⁿ,miɛn,miɛn,miɛn
miao,mjəɔ̯,mjɑʊ,mjɑ̟ʊ̯,miau,mia̝u,miau,miɑu,miɑᵘ,miɑʊ,miɑu,miɑʊ
mie,mɪ,mjɛ,mje̞ɛ̠̑,mie,mie̞,miɛ,miɛ,miɛ,miᴇ,miɛ,miᴇ
min,mȋ̞ɹ̩̃,min,mji̞n̚,min,min,min,min,miɪⁿ,min,min,min
ming,mjɘ̯ɯ̃,miŋ,mjɪŋ̚,miŋ,miŋ,miŋ,miŋ,miɪᵑ,miəŋ,miŋ,miᵊŋ
miu,mjɔo̯,mjoʊ,mj͗o̟͑ʊ̯,miou,mio̟u,miou,miou,miɤᵘ,mioʊ,miou,mioʊ
mo,mʊ,mo,mwo̜̽,muo,muo̟,mo,mo,mo,mʊo̞,mo,mᵘo̞͑
mou,mɔo̯,moʊ,mʷo̜̽ʊ̯,mou,mo̟u,mou,mou,mɤᵘ,moʊ,mou,moʊ
mu,moʊ̯,mu,mu,mu,mu,mu,mu,mu,mu,mu,mu
na,nɜ,na,nä,na,na̠,nᴀ,nᴀ,nᴀ,nᴀ,nᴀ,nᴀ
nai,nɜɛ̯,naɪ,na̠ɪ̯,nai,naɪ,nai,nai,naⁱ,nae,nai,næɪ
nan,nɜɹ̃,nan,na̠n̚,nan,na̝n,nan,nan,næⁿ,nan,nan,nan
nang,nʌɰ̃,nɑŋ,nɑ̟ŋ̚,naŋ,na̝ŋ,naŋ,nɑŋ,nɑᵑ,nɑŋ,nɑŋ,nɑŋ
nao,nʌɔ̯,nɑʊ,nɑ̟ʊ̯,nau,na̝ʊ,nau,nɑu,nɑᵘ,nɑo,nɑu,nɑʊ
ne,nɯ̽,nɤ,nɤʌ̟̑,nɤ,nɤʌ̯,nɤ,nɤ,nɤ,nɤᶺ,nɤ,nɤᶺ
nei,nɛe̯,neɪ,ne̽ɪ̯,nei,ne̠i,nei,nei,neⁱ,neɪ,nei,neɪ
nen,nɘ̯ɹ̩̃,nən,nə̟n̚,nən,nən,nən,nən,nəⁿ,nən,nən,nən
neng,nɤ̯ɯ̃,nɤŋ,nɤ̽ŋ̚,nəŋ,nəŋ,nəŋ,nəŋ,nəᵑ,nəŋ,nʌŋ,nʌŋ
ni,ɲ˖i̞,ni,ni,ni,ni,ni,ni,ni,ni,ni,ni
nian,ɲ˖ɪɹ̃,njɛn,njɛ̠n̚,nien,nie̞n,nian,niɛn,niɛⁿ,niɛn,niɛn,niɛn
niang,ɲ˖jəɰ̃,njɑŋ,njɑ̟ŋ̚,niaŋ,niaŋ,niaŋ,niɑŋ,niɑᵑ,niɑŋ,niɑŋ,niɑŋ
niao,ɲ˖jəɔ̯,njɑʊ,njɑ̟ʊ̯,niau,nia̝u,niau,niɑu,niɑᵘ,niɑʊ,niɑu,niɑʊ
nie,ɲ˖ɪ,njɛ,nje̞ɛ̠̑,nie,nie̞,niɛ,niɛ,niɛ,niᴇ,niɛ,niᴇ
nin,ɲ˖ȋ̞ɹ̩̃,nin,nji̞n̚,nin,nin,nin,nin,niɪⁿ,nin,nin,nin
ning,ɲ˖jɘ̯ɯ̃,niŋ,njɪŋ̚,niŋ,niŋ,niŋ,niŋ,niɪᵑ,niəŋ,niŋ,niᵊŋ
niu,ɲ˖jɔo̯,njoʊ,nj͗o̟͑ʊ̯,niou,nio̟u,niou,niou,niɤᵘ,nioʊ,niou,nioʊ
nong,no̯ũ,nʊŋ,nʷʊŋ̚ʷ,nuŋ,nʊŋ,nuŋ,nuŋ,nʊᵑ,nʊŋ,nɷŋ,nʊŋ
nou,nɔo̯,noʊ,nʷo̜̽ʊ̯,nou,no̟u,nou,nou,nɤᵘ,noʊ,nou,noʊ
nu,noʊ̯,nu,nu,nu,nu,nu,nu,nu,nu,nu,nu
nuan,nwɞɹ̃,nwan,nwa̠n̚,nuan,nu̟an,nuan,nuan,nuaⁿ,nuan,nuan,nuan
nuo,nʊ,nwo,nwo̜̽,nuo,nuo̟,nuo,nuo,nuo,nuo,nuɤ,nuo̞͑
nv,ɲ˖øʏ̯,ny,ny,ny,ny,ny,ny,ny,ny,ny,ny
nve,ɲ˖ʏ,nɥɛ,nɥe̞͗ɛ̠̑,nye,nye̞,nyɛ,nyɛ,nyɛ,nyᴇ,nyɛ,nyᴇ
o,ʊ,o,o̜̽ʊ̯,uo,uo̟,o,o,o,o̞,o,ᵘo̞͑
ou,ɔo̯,oʊ,o̜̽ʊ̯,ou,o̟u,ou,ou,ɤᵘ,oʊ,ou,oʊ
pa,pʰɜ,pʰa,pʰä,pʰa,pʰa̠,pʻᴀ,pʻᴀ,pʻᴀ,pʻᴀ,pʰᴀ,pʻᴀ
pai,pʰɜɛ̯,pʰaɪ,pʰa̠ɪ̯,pʰai,pʰaɪ,pʻai,pʻai,pʻaⁱ,pʻae,pʰai,pʻæɪ
pan,pʰɜɹ̃,pʰan,pʰa̠n̚,pʰan,pʰa̝n,pʻan,pʻan,pʻæⁿ,pʻan,pʰan,pʻan
pang,pʰʌɰ̃,pʰɑŋ,pʰɑ̟ŋ̚,pʰaŋ,pʰa̝ŋ,pʻaŋ,pʻɑŋ,pʻɑᵑ,pʻɑŋ,pʰɑŋ,pʻɑŋ
pao,pʰʌɔ̯,pʰɑʊ,pʰɑ̟ʊ̯,pʰau,pʰa̝ʊ,pʻau,pʻɑu,pʻɑᵘ,pʻɑo,pʰɑu,pʻɑʊ
pei,pʰɛe̯,pʰeɪ,pʰe̽ɪ̯,pʰei,pʰe̠i,pʻei,pʻei,pʻeⁱ,pʻeɪ,pʰei,pʻeɪ
pen,pʰɘ̯ɹ̩̃,pʰən,pʰə̟n̚,pʰən,pʰən,pʻən,pʻən,pʻəⁿ,pʻən,pʰən,pʻən
peng,pʰɤ̯ɯ̃,pʰɤŋ,pʰɤ̽ŋ̚,pʰəŋ,pʰəŋ,pʻəŋ,pʻəŋ,pʻəᵑ,pʻəŋ,pʰʌŋ,pʻʌŋ
pi,pʰi̞,pʰi,pʰi,pʰi,pʰi,pʻi,pʻi,pʻi,pʻi,pʰi,pʻi
pian,pʰɪɹ̃,pʰjɛn,pʰjɛ̠n̚,pʰien,pʰie̞n,pʻian,pʻiɛn,pʻiɛⁿ,pʻiɛn,pʰiɛn,pʻiɛn
piao,pʰjəɔ̯,pʰjɑʊ,pʰjɑ̟ʊ̯,pʰiau,pʰia̝u,pʻiau,pʻiɑu,pʻiɑᵘ,pʻiɑʊ,pʰiɑu,pʻiɑʊ
pie,pʰɪ,pʰjɛ,pʰje̞ɛ̠̑,pʰie,pʰie̞,pʻiɛ,pʻiɛ,pʻiɛ,pʻiᴇ,pʰiɛ,pʻiᴇ
pin,pʰȋ̞ɹ̩̃,pʰin,pʰji̞n̚,pʰin,pʰin,pʻin,pʻin,pʻiɪⁿ,pʻin,pʰin,pʻin
ping,pʰjɘ̯ɯ̃,pʰiŋ,pʰjɪŋ̚,pʰiŋ,pʰiŋ,pʻiŋ,pʻiŋ,pʻiɪᵑ,pʻiəŋ,pʰiŋ,pʻiᵊŋ
po,pʰʊ,pʰo,pʰwo̜̽,pʰuo,pʰuo̟,pʻo,pʻo,pʻo,pʻʊo̞,pʰo,pʻᵘo̞͑
pou,pʰɔo̯,pʰoʊ,pʰʷo̜̽ʊ̯,pʰou,pʰo̟u,pʻou,pʻou,pʻɤᵘ,pʻoʊ,pʰou,pʻoʊ
pu,pʰoʊ̯,pʰu,pʰu,pʰu,pʰu,pʻu,pʻu,pʻu,pʻu,pʰu,pʻu
qi,t͡sʰi̞,t͡ɕʰi,t͡ɕʰi,tɕʰi,tɕʰi,tɕʻi,tɕʻi,tɕʻi,tɕʻi,tɕʰi,tɕʻi
qia,t͡sʰjɜ,t͡ɕʰja,t͡ɕʰjä,tɕʰia,tɕʰia,tɕʻia,tɕʻiᴀ,tɕʻiᴀ,tɕʻiᴀ,tɕʰiᴀ,tɕʻiᴀ
qian,t͡sʰɪɹ̃,t͡ɕʰjɛn,t͡ɕʰjɛ̠n̚,tɕʰien,tɕʰie̞n,tɕʻian,tɕʻiɛn,tɕʻiɛⁿ,tɕʻiɛn,tɕʰiɛn,tɕʻiɛn
qiang,t͡sʰjəɰ̃,t͡ɕʰjɑŋ,t͡ɕʰjɑ̟ŋ̚,tɕʰiaŋ,tɕʰiaŋ,tɕʻiaŋ,tɕʻiɑŋ,tɕʻiɑᵑ,tɕʻiɑŋ,tɕʰiɑŋ,tɕʻiɑŋ
qiao,t͡sʰjəɔ̯,t͡ɕʰjɑʊ,t͡ɕʰjɑ̟ʊ̯,tɕʰiau,tɕʰia̝u,tɕʻiau,tɕʻiɑu,tɕʻiɑᵘ,tɕʻiɑʊ,tɕʰiɑu,tɕʻiɑʊ
qie,t͡sʰɪ,t͡ɕʰjɛ,t͡ɕʰje̞ɛ̠̑,tɕʰie,tɕʰie̞,tɕʻiɛ,tɕʻiɛ,tɕʻiɛ,tɕʻiᴇ,tɕʰiɛ,tɕʻiᴇ
qin,t͡sʰȋ̞ɹ̩̃,t͡ɕʰin,t͡ɕʰji̞n̚,tɕʰin,tɕʰin,tɕʻin,tɕʻin,tɕʻiɪⁿ,tɕʻin,tɕʰin,tɕʻin
qing,t͡sʰjɘ̯ɯ̃,t͡ɕʰiŋ,t͡ɕʰjɪŋ̚,tɕʰiŋ,tɕʰiŋ,tɕʻiŋ,tɕʻiŋ,tɕʻiɪᵑ,tɕʻiəŋ,tɕʰiŋ,tɕʻiᵊŋ
qiong,t͡ɕˢʰɥɵ̯ũ,t͡ɕʰjʊŋ,t͡ɕʰɥ͑ʊ̟ŋ̚ʷ,tɕʰiuŋ,tɕʰiu̟ŋ,tɕʻyŋ,tɕʻyŋ,tɕʻyɪᵑ,tɕʻyʊŋ,tɕʰiɷŋ,tɕʻyŋ
qiu,t͡sʰjɔo̯,t͡ɕʰjoʊ,t͡ɕʰj͗o̟͑ʊ̯,tɕʰiou,tɕʰio̟u,tɕʻiou,tɕʻiou,tɕʻiɤᵘ,tɕʻioʊ,tɕʰiou,tɕʻioʊ
qu,t͡ɕˢʰoʊ̯,t͡ɕʰy,t͡ɕʰu,tɕʰy,tɕʰy,tɕʻy,tɕʻy,tɕʻy,tɕʻy,tɕʰy,tɕʻy
quan,t͡ɕˢʰɥɵɹ̃,t͡ɕʰɥæn,t͡ɕʰɥʏ̯̈æ̠͗n̚,tɕʰyen,tɕʰye̞n,tɕʻyan,tɕʻyan,tɕʻyaⁿ,tɕʻyɛn,tɕʰyan,tɕʻyan
que,t͡ɕˢʰʏ,t͡ɕʰɥɛ,t͡ɕʰɥe̞͗ɛ̠̑,tɕʰye,tɕʰye̞,tɕʻyɛ,tɕʻyɛ,tɕʻyɛ,tɕʻyᴇ,tɕʰyɛ,tɕʻyᴇ
qun,t͡ɕˢʰø̯ɹ̩̃,t͡ɕʰyn,t͡ɕʰuɘ̹̑n̚,tɕʰyn,tɕʰyn,tɕʻyn,tɕʻyn,tɕʻyɪⁿ,tɕʻyn,tɕʰyn,tɕʻyn
ran,ɹ̠˞ɜɹ̃,ɻan,ɻ̺a̠n̚,ɹ̺an,ɹ̺a̝n,ʐan,ʐan,ɻæⁿ,ʐan,ɹan,ʐan
rang,ɹ̠˞ʌɰ̃,ɻɑŋ,ɻ̺ɑ̟ŋ̚,ɹ̺aŋ,ɹ̺a̝ŋ,ʐaŋ,ʐɑŋ,ɻɑᵑ,ʐɑŋ,ɹɑŋ,ʐɑŋ
rao,ɹ̠˞ʌɔ̯,ɻɑʊ,ɻ̺ɑ̟ʊ̯,ɹ̺au,ɹ̺a̝ʊ,ʐau,ʐɑu,ɻɑᵘ,ʐɑo,ɹɑu,ʐɑʊ
re,ɹ̠˞ɯ̽,ɻɤ,ɻ̺ɤʌ̟̑,ɹ̺ɤ,ɹ̺ɤʌ̯,ʐɤ,ʐɤ,ɻɤ,ʐɤᶺ,ɹɤ,ʐɤᶺ
ren,ɹ̠˞ɘ̯ɹ̩̃,ɻən,ɻ̺ə̟n̚,ɹ̺ən,ɹ̺ən,ʐən,ʐən,ɻəⁿ,ʐən,ɹən,ʐən
reng,ɹ̠˞ɤ̯ɯ̃,ɻɤŋ,ɻ̺ɤ̽ŋ̚,ɹ̺əŋ,ɹ̺əŋ,ʐəŋ,ʐəŋ,ɻəᵑ,ʐəŋ,ɹʌŋ,ʐʌŋ
ri,ɹ̠˞ɘ̻˞,ɻɻ̍,ɻ̺ɻ̺̍,ɹ̺,ɹ̺ɹ̩,ʐʅ,ʐʅ,ɻʅ,ʐʅ,ɹɹ̩,ʐʅ
rong,ɹ̠˞o̯ũ,ɻʊŋ,ɻ̺ʷʊŋ̚ʷ,ɹ̺uŋ,ɹ̺ʊŋ,ʐuŋ,ʐuŋ,ɻʊᵑ,ʐʊŋ,ɹɷŋ,ʐʊŋ
rou,ɹ̠˞ɔo̯,ɻoʊ,ɻ̺ʷo̜̽ʊ̯,ɹ̺ou,ɹ̺o̟u,ʐou,ʐou,ɻɤᵘ,ʐoʊ,ɹou,ʐoʊ
ru,ɹ̠˞ɵ̻,ɻu,ɻ̺u,ɹ̺u,ɹ̺u,ʐu,ʐu,ɻu,ʐu,ɹu,ʐu
ruan,ɹ̠˞wɞɹ̃,ɻwan,ɻ̺wa̠n̚,ɹ̺uan,ɹ̺u̟an,ʐuan,ʐuan,ɻuaⁿ,ʐuan,ɹuan,ʐuan
rui,ɹ̠˞wɛe̯,ɻweɪ,ɻ̺uɘ̹̑ɪ̯,ɹ̺uei,ɹ̺ue̠i,ʐuei,ʐuei,ɻueⁱ,ʐueɪ,ɹuei,ʐueɪ
run,ɹ̠˞wɵ̯ɹ̩̃,ɻwən,ɻ̺uɘ̹̑n̚,ɹ̺uən,ɹ̺uən,ʐuən,ʐuən,ɻuəⁿ,ʐuən,ɹuən,ʐuən
ruo,ɹ̠˞ʊ,ɻwo,ɻ̺wo̜̽,ɹ̺uo,ɹ̺uo̟,ʐuo,ʐuo,ɻuo,ʐuo,ɹuɤ,ʐuo̞͑
sa,sɜ,sa,s̟ä,sa,sa̠,sᴀ,sᴀ,sᴀ,sᴀ,sᴀ,sᴀ
sai,sɜɛ̯,saɪ,s̟a̠ɪ̯,sai,saɪ,sai,sai,saⁱ,sae,sai,sæɪ
san,sɜɹ̃,san,s̟a̠n̚,san,sa̝n,san,san,sæⁿ,san,san,san
sang,sʌɰ̃,sɑŋ,s̟ɑ̟ŋ̚,saŋ,sa̝ŋ,saŋ,sɑŋ,sɑᵑ,sɑŋ,sɑŋ,sɑŋ
sao,sʌɔ̯,sɑʊ,s̟ɑ̟ʊ̯,sau,sa̝ʊ,sau,sɑu,sɑᵘ,sɑo,sɑu,sɑʊ
se,sɯ̽,sɤ,s̟ɤʌ̟̑,sɤ,sɤʌ̯,sɤ,sɤ,sɤ,sɤᶺ,sɤ,sɤᶺ
sen,sɘ̯ɹ̩̃,sən,s̟ə̟n̚,sən,sən,sən,sən,səⁿ,sən,sən,sən
seng,sɤ̯ɯ̃,sɤŋ,s̟ɤ̽ŋ̚,səŋ,səŋ,səŋ,səŋ,səᵑ,səŋ,sʌŋ,sʌŋ
sha,ʃ˞ɜ,ʂa,ʂ̺ä,ʃ̺a,ʃ̺a̠,ʂᴀ,ʂᴀ,ʂᴀ,ʂᴀ,ʂᴀ,ʂᴀ
shai,ʃ˞ɜɛ̯,ʂaɪ,ʂ̺a̠ɪ̯,ʃ̺ai,ʃ̺aɪ,ʂai,ʂai,ʂaⁱ,ʂae,ʂai,ʂæɪ
shan,ʃ˞ɜɹ̃,ʂan,ʂ̺a̠n̚,ʃ̺an,ʃ̺a̝n,ʂan,ʂan,ʂæⁿ,ʂan,ʂan,ʂan
shang,ʃ˞ʌɰ̃,ʂɑŋ,ʂ̺ɑ̟ŋ̚,ʃ̺aŋ,ʃ̺a̝ŋ,ʂaŋ,ʂɑŋ,ʂɑᵑ,ʂɑŋ,ʂɑŋ,ʂɑŋ
shao,ʃ˞ʌɔ̯,ʂɑʊ,ʂ̺ɑ̟ʊ̯,ʃ̺au,ʃ̺a̝ʊ,ʂau,ʂɑu,ʂɑᵘ,ʂɑo,ʂɑu,ʂɑʊ
she,ʃ˞ɯ̽,ʂɤ,ʂ̺ɤʌ̟̑,ʃ̺ɤ,ʃ̺ɤʌ̯,ʂɤ,ʂɤ,ʂɤ,ʂɤᶺ,ʂɤ,ʂɤᶺ
shen,ʃ˞ɘ̯ɹ̩̃,ʂən,ʂ̺ə̟n̚,ʃ̺ən,ʃ̺ən,ʂən,ʂən,ʂəⁿ,ʂən,ʂən,ʂən
sheng,ʃ˞ɤ̯ɯ̃,ʂɤŋ,ʂ̺ɤ̽ŋ̚,ʃ̺əŋ,ʃ̺əŋ,ʂəŋ,ʂəŋ,ʂəᵑ,ʂəŋ,ʂʌŋ,ʂʌŋ
shi,ʃ˞ɘ̻˞,ʂɻ̍,ʂ̺ɻ̺̍,ʃ̺ɹ̩,ʃ̺ɹ̩,ʂʅ,ʂʅ,ʂʅ,ʂʅ,ʂɹ̩,ʂʅ
shou,ʃ˞ɔo̯,ʂoʊ,ʂ̺ʷo̜̽ʊ̯,ʃ̺ou,ʃ̺o̟u,ʂou,ʂou,ʂɤᵘ,ʂoʊ,ʂou,ʂoʊ
shu,ʃ˞ɵ̻,ʂu,ʂ̺u,ʃ̺u,ʃ̺u,ʂu,ʂu,ʂu,ʂu,ʂu,ʂu
shua,ʃ˞wɜ,ʂwa,ʂ̺wä,ʃ̺ua,ʃ̺u̟a,ʂua,ʂuᴀ,ʂuᴀ,ʂuᴀ,ʂuᴀ,ʂuᴀ
shuai,ʃ˞wəɛ̯,ʂwaɪ,ʂ̺wa̠ɪ̯,ʃ̺uai,ʃ̺ua̝i,ʂuai,ʂuai,ʂuaⁱ,ʂuae,ʂuai,ʂuæɪ
shuan,ʃ˞wɞɹ̃,ʂwan,ʂ̺wa̠n̚,ʃ̺uan,ʃ̺u̟an,ʂuan,ʂuan,ʂuaⁿ,ʂuan,ʂuan,ʂuan
shuang,ʃ˞woɰ̃,ʂwɑŋ,ʂ̺wɑ̟ŋ̚,ʃ̺uaŋ,ʃ̺u̟aŋ,ʂuaŋ,ʂuɑŋ,ʂuɑᵑ,ʂuɑŋ,ʂuɑŋ,ʂuɑŋ
shui,ʃ˞wɛe̯,ʂweɪ,ʂ̺uɘ̹̑ɪ̯,ʃ̺uei,ʃ̺ue̠i,ʂuei,ʂuei,ʂueⁱ,ʂueɪ,ʂuei,ʂueɪ
shun,ʃ˞wɵ̯ɹ̩̃,ʂwən,ʂ̺uɘ̹̑n̚,ʃ̺uən,ʃ̺uən,ʂuən,ʂuən,ʂuəⁿ,ʂuən,ʂuən,ʂuən
shuo,ʃ˞ʊ,ʂwo,ʂ̺wo̜̽,ʃ̺uo,ʃ̺uo̟,ʂuo,ʂuo,ʂuo,ʂuo,ʂuɤ,ʂuo̞͑
si,sɘʴ,sɹ̩,s̟ɹ̟̍,sɹ̩,sɹ̩,sɿ,sɿ,sɿ,sɿ,sz̩,sɿ
song,so̯ũ,sʊŋ,s̟ʷʊŋ̚ʷ,suŋ,sʊŋ,suŋ,suŋ,sʊᵑ,sʊŋ,sɷŋ,sʊŋ
sou,sɔo̯,soʊ,s̟ʷo̜̽ʊ̯,sou,so̟u,sou,sou,sɤᵘ,soʊ,sou,soʊ
su,soʊ̯,su,s̟u,su,su,su,su,su,su,su,su
suan,swɞɹ̃,swan,s̟wa̠n̚,suan,su̟an,suan,suan,suaⁿ,suan,suan,suan
sui,swɛe̯,sweɪ,s̟uɘ̹̑ɪ̯,suei,sue̠i,suei,suei,sueⁱ,sueɪ,suei,sueɪ
sun,swɵ̯ɹ̩̃,swən,s̟uɘ̹̑n̚,suən,suən,suən,suən,suəⁿ,suən,suən,suən
suo,sʊ,swo,s̟wo̜̽,suo,suo̟,suo,suo,suo,suo,suɤ,suo̞͑
ta,tʰɜ,tʰa,tʰä,tʰa,tʰa̠,tʻᴀ,tʻᴀ,tʻᴀ,tʻᴀ,tʰᴀ,tʻᴀ
tai,tʰɜɛ̯,tʰaɪ,tʰa̠ɪ̯,tʰai,tʰaɪ,tʻai,tʻai,tʻaⁱ,tʻae,tʰai,tʻæɪ
tan,tʰɜɹ̃,tʰan,tʰa̠n̚,tʰan,tʰa̝n,tʻan,tʻan,tʻæⁿ,tʻan,tʰan,tʻan
tang,tʰʌɰ̃,tʰɑŋ,tʰɑ̟ŋ̚,tʰaŋ,tʰa̝ŋ,tʻaŋ,tʻɑŋ,tʻɑᵑ,tʻɑŋ,tʰɑŋ,tʻɑŋ
tao,tʰʌɔ̯,tʰɑʊ,tʰɑ̟ʊ̯,tʰau,tʰa̝ʊ,tʻau,tʻɑu,tʻɑᵘ,tʻɑo,tʰɑu,tʻɑʊ
te,tʰɯ̽,tʰɤ,tʰɤʌ̟̑,tʰɤ,tʰɤʌ̯,tʻɤ,tʻɤ,tʻɤ,tʻɤᶺ,tʰɤ,tʻɤᶺ
tei,tʰɛe̯,tʰeɪ,tʰe̽ɪ̯,tʰei,tʰe̠i,tʻei,tʻei,tʻeⁱ,tʻeɪ,tʰei,tʻeɪ
teng,tʰɤ̯ɯ̃,tʰɤŋ,tʰɤ̽ŋ̚,tʰəŋ,tʰəŋ,tʻəŋ,tʻəŋ,tʻəᵑ,tʻəŋ,tʰʌŋ,tʻʌŋ
ti,tʰi̞,tʰi,tʰi,tʰi,tʰi,tʻi,tʻi,tʻi,tʻi,tʰi,tʻi
tian,tʰɪɹ̃,tʰjɛn,tʰjɛ̠n̚,tʰien,tʰie̞n,tʻian,tʻiɛn,tʻiɛⁿ,tʻiɛn,tʰiɛn,tʻiɛn
tiao,tʰjəɔ̯,tʰjɑʊ,tʰjɑ̟ʊ̯,tʰiau,tʰia̝u,tʻiau,tʻiɑu,tʻiɑᵘ,tʻiɑʊ,tʰiɑu,tʻiɑʊ
tie,tʰɪ,tʰjɛ,tʰje̞ɛ̠̑,tʰie,tʰie̞,tʻiɛ,tʻiɛ,tʻiɛ,tʻiᴇ,tʰiɛ,tʻiᴇ
tin,tʰȋ̞ɹ̩̃,tʰin,tʰji̞n̚,tʰin,tʰin,tʻin,tʻin,tʻiɪⁿ,tʻin,tʰin,tʻin
ting,tʰjɘ̯ɯ̃,tʰiŋ,tʰjɪŋ̚,tʰiŋ,tʰiŋ,tʻiŋ,tʻiŋ,tʻiɪᵑ,tʻiəŋ,tʰiŋ,tʻiᵊŋ
tong,tʰo̯ũ,tʰʊŋ,tʰʷʊŋ̚ʷ,tʰuŋ,tʰʊŋ,tʻuŋ,tʻuŋ,tʻʊᵑ,tʻʊŋ,tʰɷŋ,tʻʊŋ
tou,tʰɔo̯,tʰoʊ,tʰʷo̜̽ʊ̯,tʰou,tʰo̟u,tʻou,tʻou,tʻɤᵘ,tʻoʊ,tʰou,tʻoʊ
tu,tʰoʊ̯,tʰu,tʰu,tʰu,tʰu,tʻu,tʻu,tʻu,tʻu,tʰu,tʻu
tuan,tʰwɞɹ̃,tʰwan,tʰwa̠n̚,tʰuan,tʰu̟an,tʻuan,tʻuan,tʻuaⁿ,tʻuan,tʰuan,tʻuan
tui,tʰwɛe̯,tʰweɪ,tʰuɘ̹̑ɪ̯,tʰuei,tʰue̠i,tʻuei,tʻuei,tʻueⁱ,tʻueɪ,tʰuei,tʻueɪ
tun,tʰwɵ̯ɹ̩̃,tʰwən,tʰuɘ̹̑n̚,tʰuən,tʰuən,tʻuən,tʻuən,tʻuəⁿ,tʻuən,tʰuən,tʻuən
tuo,tʰʊ,tʰwo,tʰwo̜̽,tʰuo,tʰuo̟,tʻuo,tʻuo,tʻuo,tʻuo,tʰuɤ,tʻuo̞͑
wa,ʋɜ,wa,wä,wa,wa̠,uᴀ,uᴀ,uᴀ,wᴀ,uᴀ,uᴀ
wai,ʋɜɛ̯,waɪ,wa̠ɪ̯,wai,waɪ,uai,uai,uaⁱ,wae,uai,uæɪ
wan,ʋɜɹ̃,wan,wa̠n̚,wan,wa̝n,uan,uan,uaⁿ,wan,uan,uan
wang,ʋʌɰ̃,wɑŋ,wɑ̟ŋ̚,waŋ,wa̝ŋ,uaŋ,uɑŋ,uɑᵑ,wɑŋ,uɑŋ,uɑŋ
wei,ʋɛe̯,weɪ,we̽ɪ̯,wei,we̠i,uei,uei,ueⁱ,weɪ,uei,ueɪ
wen,ʋɘ̯ɹ̩̃,wən,wə̟n̚,wən,wən,uən,uən,uəⁿ,wən,uən,uən
weng,ʋɤ̯ɯ̃,wɤŋ,wɤ̽ŋ̚,wəŋ,wəŋ,uəŋ,uəŋ,uəᵑ,wəŋ,uʌŋ,uʌŋ
wo,ʋoʋ,wo,wo̜̽,wuo,wuo̟,uo,uo,uo,wo,uɤ,uo̞͑
wu,ʋoʋ,wu,wu,wu,wu,u,u,u,wu,u,u
xi,ɕˢi̞,ɕi,ɕi,ɕi,ɕi,ɕi,ɕi,ɕi,ɕi,ɕi,ɕi
xia,ɕˢjɜ,ɕja,ɕjä,ɕia,ɕia,ɕia,ɕiᴀ,ɕiᴀ,ɕiᴀ,ɕiᴀ,ɕiᴀ
xian,ɕˢɪɹ̃,ɕjɛn,ɕjɛ̠n̚,ɕien,ɕie̞n,ɕian,ɕiɛn,ɕiɛⁿ,ɕiɛn,ɕiɛn,ɕiɛn
xiang,ɕˢjəɰ̃,ɕjɑŋ,ɕjɑ̟ŋ̚,ɕiaŋ,ɕiaŋ,ɕiaŋ,ɕiɑŋ,ɕiɑᵑ,ɕiɑŋ,ɕiɑŋ,ɕiɑŋ
xiao,ɕˢjəɔ̯,ɕjɑʊ,ɕjɑ̟ʊ̯,ɕiau,ɕia̝u,ɕiau,ɕiɑu,ɕiɑᵘ,ɕiɑʊ,ɕiɑu,ɕiɑʊ
xie,ɕˢɪ,ɕjɛ,ɕje̞ɛ̠̑,ɕie,ɕie̞,ɕiɛ,ɕiɛ,ɕiɛ,ɕiᴇ,ɕiɛ,ɕiᴇ
xin,ɕˢȋ̞ɹ̩̃,ɕin,ɕji̞n̚,ɕin,ɕin,ɕin,ɕin,ɕiɪⁿ,ɕin,ɕin,ɕin
xing,ɕˢjɘ̯ɯ̃,ɕiŋ,ɕjɪŋ̚,ɕiŋ,ɕiŋ,ɕiŋ,ɕiŋ,ɕiɪᵑ,ɕiəŋ,ɕiŋ,ɕiᵊŋ
xiong,ɕˢɥɵ̯ũ,ɕjʊŋ,ɕɥ͑ʊ̟ŋ̚ʷ,ɕiuŋ,ɕiu̟ŋ,ɕyŋ,ɕyŋ,ɕyɪᵑ,ɕyʊŋ,ɕiɷŋ,ɕyŋ
xiu,ɕˢjɔo̯,ɕjoʊ,ɕj͗o̟͑ʊ̯,ɕiou,ɕio̟u,ɕiou,ɕiou,ɕiɤᵘ,ɕioʊ,ɕiou,ɕioʊ
xu,ɕˢøʏ̯,ɕy,ɕu,ɕy,ɕy,ɕy,ɕy,ɕy,ɕy,ɕy,ɕy
xuan,ɕˢɥɵɹ̃,ɕɥæn,ɕɥʏ̯̈æ̠͗n̚,ɕyen,ɕye̞n,ɕyan,ɕyan,ɕyaⁿ,ɕyɛn,ɕyan,ɕyan
xue,ɕˢʏ,ɕɥɛ,ɕɥe̞͗ɛ̠̑,ɕye,ɕye̞,ɕyɛ,ɕyɛ,ɕyɛ,ɕyᴇ,ɕyɛ,ɕyᴇ
xun,ɕˢø̯ɹ̩̃,ɕyn,ɕuɘ̹̑n̚,ɕyn,ɕyn,ɕyn,ɕyn,ɕyɪⁿ,ɕyn,ɕyn,ɕyn
ya,jɜ,ja,jä,ja,ja̠,iᴀ,iᴀ,iᴀ,jᴀ,iᴀ,iᴀ
yan,ɜɹ̃,jan,ja̠n̚,jan,ja̝n,ian,ian,iɛⁿ,jan,iɛn,ian
yang,ʌɰ̃,jɑŋ,jɑ̟ŋ̚,jaŋ,ja̝ŋ,iaŋ,iɑŋ,iɑᵑ,jɑŋ,iɑŋ,iɑŋ
yao,ʌɔ̯,jɑʊ,jɑ̟ʊ̯,jau,ja̝ʊ,iau,iɑu,iɑᵘ,jɑo,iɑu,iɑʊ
ye,ɪ,jɛ,je̞ɛ̠̑,ie,ie̞,iɛ,iɛ,iɛ,jᴇ,iɛ,iᴇ
yi,i̞,ji,iᶨ,i,i,i,i,i,ji,i,i
yin,ȋ̞ɹ̩̃,jin,jji̞n̚,jin,jin,in,in,iɪⁿ,jin,jin,in
ying,jɘ̯ɯ̃,jiŋ,jjɪŋ̚,jiŋ,jiŋ,iŋ,iŋ,iɪᵑ,jiəŋ,jiŋ,iᵊŋ
yo,jɔo̯,jo,jʷo̜̽ʊ̯,jou,jo̟u,,,,,j,
yong,o̯ũ,jʊŋ,ɥ͑ʊ̟ŋ̚ʷ,juŋ,jʊŋ,yŋ,yŋ,yɪᵑ,jʊŋ,iɷŋ,iʊŋ
you,ɔo̯,joʊ,jʷo̜̽ʊ̯,jou,jo̟u,iou,iou,iɤᵘ,joʊ,jiou,ioʊ
yu,øʏ̯,y,yᶨ,y,y,y,y,y,y,y,y
yuan,ɥɵɹ̃,ɥæn,ɥʏ̯̈æ̠͗n̚,yen,ye̞n,yan,yan,yaⁿ,yɛn,yan,yan
yue,ʏ,ɥɛ,ɥe̞͗ɛ̠̑,ye,ye̞,yɛ,yɛ,yɛ,yᴇ,yɛ,yᴇ
yun,ø̯ɹ̩̃,yn,ɥy˕n̚,yn,yn,yn,yn,yɪⁿ,yn,yn,yn
za,t͡sɜ,t͡sa,d̥͡z̟̊ä,tsa,tsa̠,tsᴀ,tsᴀ,tsᴀ,tsᴀ,tsᴀ,tsᴀ
zai,t͡sɜɛ̯,t͡saɪ,d̥͡z̟̊a̠ɪ̯,tsai,tsaɪ,tsai,tsai,tsaⁱ,tsae,tsai,tsæɪ
zan,t͡sɜɹ̃,t͡san,d̥͡z̟̊a̠n̚,tsan,tsa̝n,tsan,tsan,tsæⁿ,tsan,tsan,tsan
zang,t͡sʌɰ̃,t͡sɑŋ,d̥͡z̟̊ɑ̟ŋ̚,tsaŋ,tsa̝ŋ,tsaŋ,tsɑŋ,tsɑᵑ,tsɑŋ,tsɑŋ,tsɑŋ
zao,t͡sʌɔ̯,t͡sɑʊ,d̥͡z̟̊ɑ̟ʊ̯,tsau,tsa̝ʊ,tsau,tsɑu,tsɑᵘ,tsɑo,tsɑu,tsɑʊ
ze,t͡sɯ̽,t͡sɤ,d̥͡z̟̊ɤʌ̟̑,tsɤ,tsɤʌ̯,tsɤ,tsɤ,tsɤ,tsɤᶺ,tsɤ,tsɤᶺ
zei,t͡sɛe̯,t͡seɪ,d̥͡z̟̊e̽ɪ̯,tsei,tse̠i,tsei,tsei,tseⁱ,tseɪ,tsei,tseɪ
zen,t͡sɘ̯ɹ̩̃,t͡sən,d̥͡z̟̊ə̟n̚,tsən,tsən,tsən,tsən,tsəⁿ,tsən,tsən,tsən
zeng,t͡sɤ̯ɯ̃,t͡sɤŋ,d̥͡z̟̊ɤ̽ŋ̚,tsəŋ,tsəŋ,tsəŋ,tsəŋ,tsəᵑ,tsəŋ,tsʌŋ,tsʌŋ
zha,t͡ʃ˞ʰɜ,t͡ʂa,d̥͡ʐ̺̊ä,tʃ̺a,tʃ̺a̠,tʂᴀ,tʂᴀ,tʂᴀ,tʂᴀ,tʂᴀ,tʂᴀ
zhai,t͡ʃ˞ʰɜɛ̯,t͡ʂaɪ,d̥͡ʐ̺̊a̠ɪ̯,tʃ̺ai,tʃ̺aɪ,tʂai,tʂai,tʂaⁱ,tʂae,tʂai,tʂæɪ
zhan,t͡ʃ˞ʰɜɹ̃,t͡ʂan,d̥͡ʐ̺̊a̠n̚,tʃ̺an,tʃ̺a̝n,tʂan,tʂan,tʂæⁿ,tʂan,tʂan,tʂan
zhang,t͡ʃ˞ʰʌɰ̃,t͡ʂɑŋ,d̥͡ʐ̺̊ɑ̟ŋ̚,tʃ̺aŋ,tʃ̺a̝ŋ,tʂaŋ,tʂɑŋ,tʂɑᵑ,tʂɑŋ,tʂɑŋ,tʂɑŋ
zhao,t͡ʃ˞ʰʌɔ̯,t͡ʂɑʊ,d̥͡ʐ̺̊ɑ̟ʊ̯,tʃ̺au,tʃ̺a̝ʊ,tʂau,tʂɑu,tʂɑᵘ,tʂɑo,tʂɑu,tʂɑʊ
zhe,t͡ʃ˞ʰɯ̽,t͡ʂɤ,d̥͡ʐ̺̊ɤʌ̟̑,tʃ̺ɤ,tʃ̺ɤʌ̯,tʂɤ,tʂɤ,tʂɤ,tʂɤᶺ,tʂɤ,tʂɤᶺ
zhen,t͡ʃ˞ʰɘ̯ɹ̩̃,t͡ʂən,d̥͡ʐ̺̊ə̟n̚,tʃ̺ən,tʃ̺ən,tʂən,tʂən,tʂəⁿ,tʂən,tʂən,tʂən
zheng,t͡ʃ˞ʰɤ̯ɯ̃,t͡ʂɤŋ,d̥͡ʐ̺̊ɤ̽ŋ̚,tʃ̺əŋ,tʃ̺əŋ,tʂəŋ,tʂəŋ,tʂəᵑ,tʂəŋ,tʂʌŋ,tʂʌŋ
zhi,t͡ʃ˞ʰɘ̻˞,t͡ʂɻ̍,d̥͡ʐ̺̊ɻ̺̍,tʃ̺ɹ̩,tʃ̺ɹ̩,tʂʅ,tʂʅ,tʂʅ,tʂʅ,tʂɹ̩,tʂʅ
zhong,t͡ʃ˞ʰo̯ũ,t͡ʂʊŋ,d̥͡ʐ̺̊ʷʊŋ̚ʷ,tʃ̺uŋ,tʃ̺ʊŋ,tʂuŋ,tʂuŋ,tʂʊᵑ,tʂʊŋ,tʂɷŋ,tʂʊŋ
zhou,t͡ʃ˞ʰɔo̯,t͡ʂoʊ,d̥͡ʐ̺̊ʷo̜̽ʊ̯,tʃ̺ou,tʃ̺o̟u,tʂou,tʂou,tʂɤᵘ,tʂoʊ,tʂou,tʂoʊ
zhu,t͡ʃ˞ʰɵ̻,t͡ʂu,d̥͡ʐ̺̊u,tʃ̺u,tʃ̺u,tʂu,tʂu,tʂu,tʂu,tʂu,tʂu
zhua,t͡ʃ˞ʰwɜ,t͡ʂwa,d̥͡ʐ̺̊wä,tʃ̺ua,tʃ̺u̟a,tʂua,tʂuᴀ,tʂuᴀ,tʂuᴀ,tʂuᴀ,tʂuᴀ
zhuai,t͡ʃ˞ʰwəɛ̯,t͡ʂwaɪ,d̥͡ʐ̺̊wa̠ɪ̯,tʃ̺uai,tʃ̺ua̝i,tʂuai,tʂuai,tʂuaⁱ,tʂuae,tʂuai,tʂuæɪ
zhuan,t͡ʃ˞ʰwɞɹ̃,t͡ʂwan,d̥͡ʐ̺̊wa̠n̚,tʃ̺uan,tʃ̺u̟an,tʂuan,tʂuan,tʂuaⁿ,tʂuan,tʂuan,tʂuan
zhuang,t͡ʃ˞ʰwoɰ̃,t͡ʂwɑŋ,d̥͡ʐ̺̊wɑ̟ŋ̚,tʃ̺uaŋ,tʃ̺u̟aŋ,tʂuaŋ,tʂuɑŋ,tʂuɑᵑ,tʂuɑŋ,tʂuɑŋ,tʂuɑŋ
zhui,t͡ʃ˞ʰwɛe̯,t͡ʂweɪ,d̥͡ʐ̺̊uɘ̹̑ɪ̯,tʃ̺uei,tʃ̺ue̠i,tʂuei,tʂuei,tʂueⁱ,tʂueɪ,tʂuei,tʂueɪ
zhun,t͡ʃ˞ʰwɵ̯ɹ̩̃,t͡ʂwən,d̥͡ʐ̺̊uɘ̹̑n̚,tʃ̺uən,tʃ̺uən,tʂuən,tʂuən,tʂuəⁿ,tʂuən,tʂuən,tʂuən
zhuo,t͡ʃ˞ʰʊ,t͡ʂwo,d̥͡ʐ̺̊wo̜̽,tʃ̺uo,tʃ̺uo̟,tʂuo,tʂuo,tʂuo,tʂuo,tʂuɤ,tʂuo̞͑
zi,t͡sɘʴ,t͡sɹ̩,d̥͡z̟̊ɹ̟̍,tsɹ̩,tsɹ̩,tsɿ,tsɿ,tsɿ,tsɿ,tsz̩,tsɿ
zong,t͡so̯ũ,t͡sʊŋ,d̥͡z̟̊ʷʊŋ̚ʷ,tsuŋ,tsʊŋ,tsuŋ,tsuŋ,tsʊᵑ,tsʊŋ,tsɷŋ,tsʊŋ
zou,t͡sɔo̯,t͡soʊ,d̥͡z̟̊ʷo̜̽ʊ̯,tsou,tso̟u,tsou,tsou,tsɤᵘ,tsoʊ,tsou,tsoʊ
zu,t͡soʊ̯,t͡su,d̥͡z̟̊u,tsu,tsu,tsu,tsu,tsu,tsu,tsu,tsu
zuan,t͡swɞɹ̃,t͡swan,d̥͡z̟̊wa̠n̚,tsuan,tsu̟an,tsuan,tsuan,tsuaⁿ,tsuan,tsuan,tsuan
zui,t͡swɛe̯,t͡sweɪ,d̥͡z̟̊uɘ̹̑ɪ̯,tsuei,tsue̠i,tsuei,tsuei,tsueⁱ,tsueɪ,tsuei,tsueɪ
zun,t͡swɵ̯ɹ̩̃,t͡swən,d̥͡z̟̊uɘ̹̑n̚,tsuən,tsuən,tsuən,tsuən,tsuəⁿ,tsuən,tsuən,tsuən
zuo,t͡sʊ,t͡swo,d̥͡z̟̊wo̜̽,tsuo,tsuo̟,tsuo,tsuo,tsuo,tsuo,tsuɤ,tsuo̞͑
