{"order": ["adapter_1", "adapter_2", "adapter_3", "adapter_4"], "layers": {"model.layers.0.self_attn.q_proj": 0, "model.layers.0.self_attn.k_proj": 1, "model.layers.0.self_attn.v_proj": 2, "model.layers.0.self_attn.o_proj": 3, "model.layers.0.mlp.gate_proj": 4, "model.layers.0.mlp.up_proj": 5, "model.layers.0.mlp.down_proj": 6, "model.layers.1.self_attn.q_proj": 7, "model.layers.1.self_attn.k_proj": 8, "model.layers.1.self_attn.v_proj": 9, "model.layers.1.self_attn.o_proj": 10, "model.layers.1.mlp.gate_proj": 11, "model.layers.1.mlp.up_proj": 12, "model.layers.1.mlp.down_proj": 13, "model.layers.2.self_attn.q_proj": 14, "model.layers.2.self_attn.k_proj": 15, "model.layers.2.self_attn.v_proj": 16, "model.layers.2.self_attn.o_proj": 17, "model.layers.2.mlp.gate_proj": 18, "model.layers.2.mlp.up_proj": 19, "model.layers.2.mlp.down_proj": 20, "model.layers.3.self_attn.q_proj": 21, "model.layers.3.self_attn.k_proj": 22, "model.layers.3.self_attn.v_proj": 23, "model.layers.3.self_attn.o_proj": 24, "model.layers.3.mlp.gate_proj": 25, "model.layers.3.mlp.up_proj": 26, "model.layers.3.mlp.down_proj": 27, "model.layers.4.self_attn.q_proj": 28, "model.layers.4.self_attn.k_proj": 29, "model.layers.4.self_attn.v_proj": 30, "model.layers.4.self_attn.o_proj": 31, "model.layers.4.mlp.gate_proj": 32, "model.layers.4.mlp.up_proj": 33, "model.layers.4.mlp.down_proj": 34, "model.layers.5.self_attn.q_proj": 35, "model.layers.5.self_attn.k_proj": 36, "model.layers.5.self_attn.v_proj": 37, "model.layers.5.self_attn.o_proj": 38, "model.layers.5.mlp.gate_proj": 39, "model.layers.5.mlp.up_proj": 40, "model.layers.5.mlp.down_proj": 41, "model.layers.6.self_attn.q_proj": 42, "model.layers.6.self_attn.k_proj": 43, "model.layers.6.self_attn.v_proj": 44, "model.layers.6.self_attn.o_proj": 45, "model.layers.6.mlp.gate_proj": 46, "model.layers.6.mlp.up_proj": 47, "model.layers.6.mlp.down_proj": 48, "model.layers.7.self_attn.q_proj": 49, "model.layers.7.self_attn.k_proj": 50, "model.layers.7.self_attn.v_proj": 51, "model.layers.7.self_attn.o_proj": 52, "model.layers.7.mlp.gate_proj": 53, "model.layers.7.mlp.up_proj": 54, "model.layers.7.mlp.down_proj": 55, "model.layers.8.self_attn.q_proj": 56, "model.layers.8.self_attn.k_proj": 57, "model.layers.8.self_attn.v_proj": 58, "model.layers.8.self_attn.o_proj": 59, "model.layers.8.mlp.gate_proj": 60, "model.layers.8.mlp.up_proj": 61, "model.layers.8.mlp.down_proj": 62, "model.layers.9.self_attn.q_proj": 63, "model.layers.9.self_attn.k_proj": 64, "model.layers.9.self_attn.v_proj": 65, "model.layers.9.self_attn.o_proj": 66, "model.layers.9.mlp.gate_proj": 67, "model.layers.9.mlp.up_proj": 68, "model.layers.9.mlp.down_proj": 69, "model.layers.10.self_attn.q_proj": 70, "model.layers.10.self_attn.k_proj": 71, "model.layers.10.self_attn.v_proj": 72, "model.layers.10.self_attn.o_proj": 73, "model.layers.10.mlp.gate_proj": 74, "model.layers.10.mlp.up_proj": 75, "model.layers.10.mlp.down_proj": 76, "model.layers.11.self_attn.q_proj": 77, "model.layers.11.self_attn.k_proj": 78, "model.layers.11.self_attn.v_proj": 79, "model.layers.11.self_attn.o_proj": 80, "model.layers.11.mlp.gate_proj": 81, "model.layers.11.mlp.up_proj": 82, "model.layers.11.mlp.down_proj": 83, "model.layers.12.self_attn.q_proj": 84, "model.layers.12.self_attn.k_proj": 85, "model.layers.12.self_attn.v_proj": 86, "model.layers.12.self_attn.o_proj": 87, "model.layers.12.mlp.gate_proj": 88, "model.layers.12.mlp.up_proj": 89, "model.layers.12.mlp.down_proj": 90, "model.layers.13.self_attn.q_proj": 91, "model.layers.13.self_attn.k_proj": 92, "model.layers.13.self_attn.v_proj": 93, "model.layers.13.self_attn.o_proj": 94, "model.layers.13.mlp.gate_proj": 95, "model.layers.13.mlp.up_proj": 96, "model.layers.13.mlp.down_proj": 97, "model.layers.14.self_attn.q_proj": 98, "model.layers.14.self_attn.k_proj": 99, "model.layers.14.self_attn.v_proj": 100, "model.layers.14.self_attn.o_proj": 101, "model.layers.14.mlp.gate_proj": 102, "model.layers.14.mlp.up_proj": 103, "model.layers.14.mlp.down_proj": 104, "model.layers.15.self_attn.q_proj": 105, "model.layers.15.self_attn.k_proj": 106, "model.layers.15.self_attn.v_proj": 107, "model.layers.15.self_attn.o_proj": 108, "model.layers.15.mlp.gate_proj": 109, "model.layers.15.mlp.up_proj": 110, "model.layers.15.mlp.down_proj": 111, "model.layers.16.self_attn.q_proj": 112, "model.layers.16.self_attn.k_proj": 113, "model.layers.16.self_attn.v_proj": 114, "model.layers.16.self_attn.o_proj": 115, "model.layers.16.mlp.gate_proj": 116, "model.layers.16.mlp.up_proj": 117, "model.layers.16.mlp.down_proj": 118, "model.layers.17.self_attn.q_proj": 119, "model.layers.17.self_attn.k_proj": 120, "model.layers.17.self_attn.v_proj": 121, "model.layers.17.self_attn.o_proj": 122, "model.layers.17.mlp.gate_proj": 123, "model.layers.17.mlp.up_proj": 124, "model.layers.17.mlp.down_proj": 125, "model.layers.18.self_attn.q_proj": 126, "model.layers.18.self_attn.k_proj": 127, "model.layers.18.self_attn.v_proj": 128, "model.layers.18.self_attn.o_proj": 129, "model.layers.18.mlp.gate_proj": 130, "model.layers.18.mlp.up_proj": 131, "model.layers.18.mlp.down_proj": 132, "model.layers.19.self_attn.q_proj": 133, "model.layers.19.self_attn.k_proj": 134, "model.layers.19.self_attn.v_proj": 135, "model.layers.19.self_attn.o_proj": 136, "model.layers.19.mlp.gate_proj": 137, "model.layers.19.mlp.up_proj": 138, "model.layers.19.mlp.down_proj": 139, "model.layers.20.self_attn.q_proj": 140, "model.layers.20.self_attn.k_proj": 141, "model.layers.20.self_attn.v_proj": 142, "model.layers.20.self_attn.o_proj": 143, "model.layers.20.mlp.gate_proj": 144, "model.layers.20.mlp.up_proj": 145, "model.layers.20.mlp.down_proj": 146, "model.layers.21.self_attn.q_proj": 147, "model.layers.21.self_attn.k_proj": 148, "model.layers.21.self_attn.v_proj": 149, "model.layers.21.self_attn.o_proj": 150, "model.layers.21.mlp.gate_proj": 151, "model.layers.21.mlp.up_proj": 152, "model.layers.21.mlp.down_proj": 153, "model.layers.22.self_attn.q_proj": 154, "model.layers.22.self_attn.k_proj": 155, "model.layers.22.self_attn.v_proj": 156, "model.layers.22.self_attn.o_proj": 157, "model.layers.22.mlp.gate_proj": 158, "model.layers.22.mlp.up_proj": 159, "model.layers.22.mlp.down_proj": 160, "model.layers.23.self_attn.q_proj": 161, "model.layers.23.self_attn.k_proj": 162, "model.layers.23.self_attn.v_proj": 163, "model.layers.23.self_attn.o_proj": 164, "model.layers.23.mlp.gate_proj": 165, "model.layers.23.mlp.up_proj": 166, "model.layers.23.mlp.down_proj": 167, "model.layers.24.self_attn.q_proj": 168, "model.layers.24.self_attn.k_proj": 169, "model.layers.24.self_attn.v_proj": 170, "model.layers.24.self_attn.o_proj": 171, "model.layers.24.mlp.gate_proj": 172, "model.layers.24.mlp.up_proj": 173, "model.layers.24.mlp.down_proj": 174, "model.layers.25.self_attn.q_proj": 175, "model.layers.25.self_attn.k_proj": 176, "model.layers.25.self_attn.v_proj": 177, "model.layers.25.self_attn.o_proj": 178, "model.layers.25.mlp.gate_proj": 179, "model.layers.25.mlp.up_proj": 180, "model.layers.25.mlp.down_proj": 181, "model.layers.26.self_attn.q_proj": 182, "model.layers.26.self_attn.k_proj": 183, "model.layers.26.self_attn.v_proj": 184, "model.layers.26.self_attn.o_proj": 185, "model.layers.26.mlp.gate_proj": 186, "model.layers.26.mlp.up_proj": 187, "model.layers.26.mlp.down_proj": 188, "model.layers.27.self_attn.q_proj": 189, "model.layers.27.self_attn.k_proj": 190, "model.layers.27.self_attn.v_proj": 191, "model.layers.27.self_attn.o_proj": 192, "model.layers.27.mlp.gate_proj": 193, "model.layers.27.mlp.up_proj": 194, "model.layers.27.mlp.down_proj": 195}, "base_model_id": "google/gemma-7b-it"}