data_type,set_id,clip_id,duration,is_sparse
noise,free-sound,0000,17.65875,0
noise,free-sound,0001,40.5365,0
noise,free-sound,0002,71.2175,0
noise,free-sound,0003,14.235812,0
noise,free-sound,0004,2.9865,0
noise,free-sound,0005,21.185312,0
noise,free-sound,0006,7.770187,0
noise,free-sound,0007,16.613875,1
noise,free-sound,0008,20.805062,1
noise,free-sound,0009,8.386688,0
noise,free-sound,0010,8.241563,1
noise,free-sound,0011,34.850187,1
noise,free-sound,0012,32.15625,1
noise,free-sound,0013,1.5445,1
noise,free-sound,0014,3.415938,0
noise,free-sound,0015,91.244875,0
noise,free-sound,0016,4,1
noise,free-sound,0017,7.877313,0
noise,free-sound,0018,14.576313,1
noise,free-sound,0019,11.55775,1
noise,free-sound,0020,60.18575,0
noise,free-sound,0021,18.045313,1
noise,free-sound,0022,24.832,1
noise,free-sound,0023,11.24,1
noise,free-sound,0024,19.779062,0
noise,free-sound,0025,2.346687,1
noise,free-sound,0026,3.797312,0
noise,free-sound,0027,23.04,0
noise,free-sound,0028,19.617938,1
noise,free-sound,0029,8.90775,0
noise,free-sound,0030,73.01225,1
noise,free-sound,0031,35.474313,0
noise,free-sound,0032,61.42,1
noise,free-sound,0033,5.526313,0
noise,free-sound,0034,20.689,1
noise,free-sound,0035,31.933312,0
noise,free-sound,0036,4.57,1
noise,free-sound,0037,0.94,1
noise,free-sound,0038,0.913312,1
noise,free-sound,0039,3.446687,1
noise,free-sound,0040,16.73,1
noise,free-sound,0041,57.782875,1
noise,free-sound,0042,319.555938,0
noise,free-sound,0043,1.5325,1
noise,free-sound,0044,4.597563,1
noise,free-sound,0045,4.644,1
noise,free-sound,0046,4.62075,1
noise,free-sound,0047,5.296687,1
noise,free-sound,0048,494.659938,0
noise,free-sound,0049,3.466687,1
noise,free-sound,0050,4.133125,0
noise,free-sound,0051,6.52,1
noise,free-sound,0052,5.664187,0
noise,free-sound,0053,5.271937,0
noise,free-sound,0054,10.053375,1
noise,free-sound,0055,40.09775,0
noise,free-sound,0056,9.74275,0
noise,free-sound,0057,8.130437,1
noise,free-sound,0058,2,1
noise,free-sound,0059,30.442812,0
noise,free-sound,0060,1.044875,0
noise,free-sound,0061,11.049812,0
noise,free-sound,0062,6.066687,1
noise,free-sound,0063,6.266687,0
noise,free-sound,0064,100.133313,0
noise,free-sound,0065,6.975313,0
noise,free-sound,0066,60.943688,0
noise,free-sound,0067,39.889,0
noise,free-sound,0068,20.075,0
noise,free-sound,0069,2.571438,0
noise,free-sound,0070,17.98025,1
noise,free-sound,0071,9.391937,1
noise,free-sound,0072,26.622563,1
noise,free-sound,0073,124.568562,0
noise,free-sound,0074,17.24,1
noise,free-sound,0075,20.31125,0
noise,free-sound,0076,80,0
noise,free-sound,0077,11.723313,0
noise,free-sound,0078,10.370625,1
noise,free-sound,0079,6.000563,1
noise,free-sound,0080,30.374625,1
noise,free-sound,0081,21.582438,1
noise,free-sound,0082,20.20375,1
noise,free-sound,0083,0.59125,0
noise,free-sound,0084,19.419438,0
noise,free-sound,0085,4.671375,0
noise,free-sound,0086,51.685,0
noise,free-sound,0087,2.8,0
noise,free-sound,0088,44.866687,0
noise,free-sound,0089,13.871,0
noise,free-sound,0090,5.844188,1
noise,free-sound,0091,5.062125,1
noise,free-sound,0092,15.079625,1
noise,free-sound,0093,5.317375,0
noise,free-sound,0094,5.589812,1
noise,free-sound,0095,4.068375,1
noise,free-sound,0096,7.784187,1
noise,free-sound,0097,2.736937,1
noise,free-sound,0098,2.766,1
noise,free-sound,0099,7.494688,0
noise,free-sound,0100,7.323125,1
noise,free-sound,0101,112.90125,0
noise,free-sound,0102,143.62125,0
noise,free-sound,0103,5.238188,0
noise,free-sound,0104,15.888,1
noise,free-sound,0105,306.416313,1
noise,free-sound,0106,153.952,0
noise,free-sound,0107,11.766,1
noise,free-sound,0108,19.396313,0
noise,free-sound,0109,37.101875,1
noise,free-sound,0110,40.893188,1
noise,free-sound,0111,16.445187,0
noise,free-sound,0112,1.014438,0
noise,free-sound,0113,5.846188,0
noise,free-sound,0114,99.929812,0
noise,free-sound,0115,2.577125,0
noise,free-sound,0116,8.82075,1
noise,free-sound,0117,33.657313,1
noise,free-sound,0118,17.41,0
noise,free-sound,0119,70.728,1
noise,free-sound,0120,18.434438,1
noise,free-sound,0121,44,0
noise,free-sound,0122,8,1
noise,free-sound,0123,7.5,1
noise,free-sound,0124,5,0
noise,free-sound,0125,1.125,1
noise,free-sound,0126,19.782312,1
noise,free-sound,0127,2.448,1
noise,free-sound,0128,4.056,1
noise,free-sound,0129,8.293938,0
noise,free-sound,0130,38.870188,1
noise,free-sound,0131,55.597375,1
noise,free-sound,0132,0.715812,1
noise,free-sound,0133,0.520938,1
noise,free-sound,0134,2.513375,1
noise,free-sound,0135,3.004563,1
noise,free-sound,0136,0.625,1
noise,free-sound,0137,113.25,0
noise,free-sound,0138,3.25,1
noise,free-sound,0139,15.514688,1
noise,free-sound,0140,24.77475,1
noise,free-sound,0141,135.072062,0
noise,free-sound,0142,38.99975,1
noise,free-sound,0143,13.043062,0
noise,free-sound,0144,25.54775,1
noise,free-sound,0145,2.912187,0
noise,free-sound,0146,2.0775,1
noise,free-sound,0147,8.633313,1
noise,free-sound,0148,2.214875,1
noise,free-sound,0149,1.761813,1
noise,free-sound,0150,0.450437,1
noise,free-sound,0151,53.76,1
noise,free-sound,0152,97.156,0
noise,free-sound,0153,72.149312,1
noise,free-sound,0154,62.464,0
noise,free-sound,0155,72.661312,1
noise,free-sound,0156,90.197375,0
noise,free-sound,0157,3.093313,1
noise,free-sound,0158,64.884,1
noise,free-sound,0159,5.216,0
noise,free-sound,0160,34.325375,0
noise,free-sound,0161,76.476,1
noise,free-sound,0162,14.933312,1
noise,free-sound,0163,0.362687,1
noise,free-sound,0164,24.96,1
noise,free-sound,0165,33.837375,0
noise,free-sound,0166,0.768,0
noise,free-sound,0167,2.005375,1
noise,free-sound,0168,1.344,1
noise,free-sound,0169,2.304,1
noise,free-sound,0170,5.290687,1
noise,free-sound,0171,4.629313,1
noise,free-sound,0172,49.554313,1
noise,free-sound,0173,106.802,1
noise,free-sound,0174,9.109125,1
noise,free-sound,0175,4.718813,1
noise,free-sound,0176,2.984313,0
noise,free-sound,0177,106.737875,0
noise,free-sound,0178,4.884625,0
noise,free-sound,0179,2.813,0
noise,free-sound,0180,15.5155,1
noise,free-sound,0181,4.796437,1
noise,free-sound,0182,2.25225,1
noise,free-sound,0183,8.091437,1
noise,free-sound,0184,32.407375,1
noise,free-sound,0185,2.669313,1
noise,free-sound,0186,2.836187,1
noise,free-sound,0187,6.423063,1
noise,free-sound,0188,9.551187,0
noise,free-sound,0189,6.840187,0
noise,free-sound,0190,6.131125,1
noise,free-sound,0191,3.962312,1
noise,free-sound,0192,6.673312,1
noise,free-sound,0193,4.004,1
noise,free-sound,0194,7.882875,1
noise,free-sound,0195,4.295937,0
noise,free-sound,0196,3.628625,1
noise,free-sound,0197,10.593937,1
noise,free-sound,0198,9.134125,0
noise,free-sound,0199,6.25625,1
noise,free-sound,0200,8.75875,1
noise,free-sound,0201,7.048687,1
noise,free-sound,0202,10.552188,1
noise,free-sound,0203,11.094437,0
noise,free-sound,0204,6.381375,1
noise,free-sound,0205,14.389375,1
noise,free-sound,0206,2.335688,1
noise,free-sound,0207,7.090438,1
noise,free-sound,0208,6.464812,1
noise,free-sound,0209,9.676312,1
noise,free-sound,0210,5.672313,1
noise,free-sound,0211,6.214563,1
noise,free-sound,0212,9.551187,1
noise,free-sound,0213,5.714062,0
noise,free-sound,0214,8.25825,1
noise,free-sound,0215,6.4375,1
noise,free-sound,0216,38.458813,0
noise,free-sound,0217,4.838188,0
noise,free-sound,0218,6.131125,0
noise,free-sound,0219,6.589937,0
noise,free-sound,0220,8.466812,0
noise,free-sound,0221,10.927563,1
noise,free-sound,0222,1.209563,1
noise,free-sound,0223,3.586937,1
noise,free-sound,0224,12.804438,0
noise,free-sound,0225,12.452,0
noise,free-sound,0226,26.197312,1
noise,free-sound,0227,31.165437,1
noise,free-sound,0228,16.648688,0
noise,free-sound,0229,5.333938,1
noise,free-sound,0230,41.592,0
noise,free-sound,0231,22.33075,0
noise,free-sound,0232,44.289062,0
noise,free-sound,0233,44.3495,0
noise,free-sound,0234,75.017188,0
noise,free-sound,0235,200.782938,1
noise,free-sound,0236,5.564063,1
noise,free-sound,0237,5.302875,1
noise,free-sound,0238,13.944,1
noise,free-sound,0239,37.50525,0
noise,free-sound,0240,26.226188,1
noise,free-sound,0241,52.6185,0
noise,free-sound,0242,23.003812,1
noise,free-sound,0243,90.000563,0
noise,free-sound,0244,118.840187,1
noise,free-sound,0245,29.562875,0
noise,free-sound,0246,24.724688,0
noise,free-sound,0247,77.734562,1
noise,free-sound,0248,60.30275,1
noise,free-sound,0249,40.684625,0
noise,free-sound,0250,8.620437,1
noise,free-sound,0251,31.973875,1
noise,free-sound,0252,20.950187,0
noise,free-sound,0253,0.975063,0
noise,free-sound,0254,64.142125,1
noise,free-sound,0255,5.5375,1
noise,free-sound,0256,37.506937,1
noise,free-sound,0257,5,0
noise,free-sound,0258,25.758063,1
noise,free-sound,0259,14.706938,0
noise,free-sound,0260,14.4,1
noise,free-sound,0261,88,1
noise,free-sound,0262,35.030187,1
noise,free-sound,0263,0.904312,0
noise,free-sound,0264,29.631375,0
noise,free-sound,0265,1.332563,1
noise,free-sound,0266,34.674625,1
noise,free-sound,0267,36.138937,1
noise,free-sound,0268,22.710875,1
noise,free-sound,0269,49.125125,0
noise,free-sound,0270,398.061062,0
noise,free-sound,0271,29.698313,0
noise,free-sound,0272,41.058125,0
noise,free-sound,0273,10.643313,0
noise,free-sound,0274,3.96775,1
noise,free-sound,0275,12.096,0
noise,free-sound,0276,2.8715,1
noise,free-sound,0277,5.705125,0
noise,free-sound,0278,37.59825,0
noise,free-sound,0279,17.333313,1
noise,free-sound,0280,62.10325,1
noise,free-sound,0281,0.1,0
noise,free-sound,0282,37.72675,1
noise,free-sound,0283,22.963687,0
noise,free-sound,0284,2.786,1
noise,free-sound,0285,4.0925,0
noise,free-sound,0286,9.560313,1
noise,free-sound,0287,60.656312,0
noise,free-sound,0288,59.688,0
noise,free-sound,0289,22.282187,1
noise,free-sound,0290,44.304,0
noise,free-sound,0291,9.090625,1
noise,free-sound,0292,17.97225,1
noise,free-sound,0293,43.038187,0
noise,free-sound,0294,6.5875,1
noise,free-sound,0295,6.896312,1
noise,free-sound,0296,1.861687,1
noise,free-sound,0297,1.799,1
noise,free-sound,0298,32,1
noise,free-sound,0299,0.212625,0
noise,free-sound,0300,6.112625,1
noise,free-sound,0301,180.949563,0
noise,free-sound,0302,17.914125,0
noise,free-sound,0303,8.1955,0
noise,free-sound,0304,62.040813,1
noise,free-sound,0305,29.5,0
noise,free-sound,0306,24.5,1
noise,free-sound,0307,10.704,1
noise,free-sound,0308,58.28175,1
noise,free-sound,0309,3.372937,1
noise,free-sound,0310,22.03575,1
noise,free-sound,0311,13.746375,0
noise,free-sound,0312,1.513,0
noise,free-sound,0313,2.7875,0
noise,free-sound,0314,0.610938,0
noise,free-sound,0315,2.783812,0
noise,free-sound,0316,11.145563,0
noise,free-sound,0317,7.256875,0
noise,free-sound,0318,0.40925,1
noise,free-sound,0319,1.515125,1
noise,free-sound,0320,6.739562,1
noise,free-sound,0321,113,0
noise,free-sound,0322,31.0335,0
noise,free-sound,0323,10.73175,1
noise,free-sound,0324,36.205688,1
noise,free-sound,0325,1.645687,0
noise,free-sound,0326,16.0775,1
noise,free-sound,0327,5.159688,0
noise,free-sound,0328,0.718187,0
noise,free-sound,0329,9.69225,0
noise,free-sound,0330,8.428812,0
noise,free-sound,0331,6.375,0
noise,free-sound,0332,3.625,1
noise,free-sound,0333,15.6735,0
noise,free-sound,0334,178.149313,0
noise,free-sound,0335,34.037562,0
noise,free-sound,0336,48.08275,1
noise,free-sound,0337,1.4255,0
noise,free-sound,0338,9.24,0
noise,free-sound,0339,20.328,1
noise,free-sound,0340,33.672,1
noise,free-sound,0341,23.071875,1
noise,free-sound,0342,13.806,1
noise,free-sound,0343,2.809625,0
noise,free-sound,0344,20.544,1
noise,free-sound,0345,5.902437,1
noise,free-sound,0346,18.546937,1
noise,free-sound,0347,13.780188,1
noise,free-sound,0348,50.114063,1
noise,free-sound,0349,1,0
noise,free-sound,0350,9,0
noise,free-sound,0351,4.968,1
noise,free-sound,0352,10,0
noise,free-sound,0353,26.096312,1
noise,free-sound,0354,0.999938,0
noise,free-sound,0355,14.664,1
noise,free-sound,0356,24.96,1
noise,free-sound,0357,8.176312,1
noise,free-sound,0358,21.24625,1
noise,free-sound,0359,18.307813,1
noise,free-sound,0360,13.89375,1
noise,free-sound,0361,7.739063,0
noise,free-sound,0362,12.875,0
noise,free-sound,0363,4.721875,1
noise,free-sound,0364,11.840063,0
noise,free-sound,0365,10.057125,1
noise,free-sound,0366,4.049,1
noise,free-sound,0367,1.044875,1
noise,free-sound,0368,1.645687,1
noise,free-sound,0369,4.049,1
noise,free-sound,0370,72.254688,0
noise,free-sound,0371,21.28,0
noise,free-sound,0372,22.88875,0
noise,free-sound,0373,3.234625,1
noise,free-sound,0374,0.743062,0
noise,free-sound,0375,0.75,0
noise,free-sound,0376,5.086688,1
noise,free-sound,0377,8.986125,0
noise,free-sound,0378,22.282438,0
noise,free-sound,0379,6.989312,1
noise,free-sound,0380,0.144,0
noise,free-sound,0381,44.277563,1
noise,free-sound,0382,60.552,0
noise,free-sound,0383,32.904,0
noise,free-sound,0384,178.211375,1
noise,free-sound,0385,8.408375,1
noise,free-sound,0386,26.735063,0
noise,free-sound,0387,5.96025,1
noise,free-sound,0388,4.382375,1
noise,free-sound,0389,13.7295,1
noise,free-sound,0390,15.7635,1
noise,free-sound,0391,23.391,0
noise,free-sound,0392,13.221,1
noise,free-sound,0393,5.537937,1
noise,free-sound,0394,23.72,1
noise,free-sound,0395,7.73225,1
noise,free-sound,0396,9.795938,1
noise,free-sound,0397,45.328,1
noise,free-sound,0398,44.880063,1
noise,free-sound,0399,16.9025,0
noise,free-sound,0400,14.86075,1
noise,free-sound,0401,10.351562,1
noise,free-sound,0402,29.670562,1
noise,free-sound,0403,13.009,1
noise,free-sound,0404,19.040375,0
noise,free-sound,0405,2.306875,0
noise,free-sound,0406,19.8315,1
noise,free-sound,0407,2.959437,0
noise,free-sound,0408,15,0
noise,free-sound,0409,8.618688,0
noise,free-sound,0410,1.180813,0
noise,free-sound,0411,2.362563,1
noise,free-sound,0412,2.624875,1
noise,free-sound,0413,21.995125,0
noise,free-sound,0414,28.3785,1
noise,free-sound,0415,6.624,0
noise,free-sound,0416,14.970062,0
noise,free-sound,0417,10.151687,1
noise,free-sound,0418,40.99575,0
noise,free-sound,0419,11.990187,1
noise,free-sound,0420,0.821438,0
noise,free-sound,0421,3.369813,1
noise,free-sound,0422,9.162688,1
noise,free-sound,0423,12.25,0
noise,free-sound,0424,16.666125,0
noise,free-sound,0425,1.410625,0
noise,free-sound,0426,3.89225,1
noise,free-sound,0427,21.995125,1
noise,free-sound,0428,18.622375,0
noise,free-sound,0429,24,0
noise,free-sound,0430,67.2,0
noise,free-sound,0431,22.9355,1
noise,free-sound,0432,22.254062,1
noise,free-sound,0433,42.237063,1
noise,free-sound,0434,21.528,1
noise,free-sound,0435,5.27675,0
noise,free-sound,0436,51.212063,1
noise,free-sound,0437,1.19,0
noise,free-sound,0438,7.52325,0
noise,free-sound,0439,30.787562,0
noise,free-sound,0440,4.188313,1
noise,free-sound,0441,45.568,0
noise,free-sound,0442,76.072187,1
noise,free-sound,0443,42.24,0
noise,free-sound,0444,20.247812,1
noise,free-sound,0445,18.390187,0
noise,free-sound,0446,31.416,0
noise,free-sound,0447,28.577938,0
noise,free-sound,0448,0.574,0
noise,free-sound,0449,4.738062,1
noise,free-sound,0450,16.171312,1
noise,free-sound,0451,44.04,0
noise,free-sound,0452,17.844562,1
noise,free-sound,0453,0.940438,1
noise,free-sound,0454,41.885,0
noise,free-sound,0455,168.2695,0
noise,free-sound,0456,28.96325,0
noise,free-sound,0457,44.366687,0
noise,free-sound,0458,20.705562,1
noise,free-sound,0459,40.306937,1
noise,free-sound,0460,13.104,1
noise,free-sound,0461,53.340688,0
noise,free-sound,0462,18.76375,1
noise,free-sound,0463,15.110563,0
noise,free-sound,0464,8.083187,1
noise,free-sound,0465,9.007375,1
noise,free-sound,0466,13.953062,1
noise,free-sound,0467,14.173813,1
noise,free-sound,0468,23.12375,0
noise,free-sound,0469,10.7805,0
noise,free-sound,0470,4.757375,1
noise,free-sound,0471,7.915125,0
noise,free-sound,0472,94,0
noise,free-sound,0473,9.11675,1
noise,free-sound,0474,35.935,1
noise,free-sound,0475,36.362437,0
noise,free-sound,0476,9.560813,1
noise,free-sound,0477,15.124875,1
noise,free-sound,0478,8.5195,1
noise,free-sound,0479,3.715625,1
noise,free-sound,0480,35.289812,0
noise,free-sound,0481,7.907875,0
noise,free-sound,0482,13.531437,0
noise,free-sound,0483,22.595938,1
noise,free-sound,0484,10.631813,0
noise,free-sound,0485,10.893062,0
noise,free-sound,0486,6.409813,1
noise,free-sound,0487,1.930187,1
noise,free-sound,0488,5.656875,1
noise,free-sound,0489,62.861312,0
noise,free-sound,0490,12.979938,1
noise,free-sound,0491,1.544125,0
noise,free-sound,0492,20,0
noise,free-sound,0493,14.02775,0
noise,free-sound,0494,56.05875,1
noise,free-sound,0495,18.206688,0
noise,free-sound,0496,5.97325,0
noise,free-sound,0497,302,0
noise,free-sound,0498,5,0
noise,free-sound,0499,7.889,1
noise,free-sound,0500,34.374875,1
noise,free-sound,0501,12.007938,0
noise,free-sound,0502,73.2,0
noise,free-sound,0503,5.064813,1
noise,free-sound,0504,58.003437,1
noise,free-sound,0505,9.373875,1
noise,free-sound,0506,24.58125,1
noise,free-sound,0507,1.119938,1
noise,free-sound,0508,7.319875,1
noise,free-sound,0509,10.79725,1
noise,free-sound,0510,19.845125,1
noise,free-sound,0511,4,1
noise,free-sound,0512,3.78775,1
noise,free-sound,0513,10.788562,1
noise,free-sound,0514,5.329,1
noise,free-sound,0515,4.075125,1
noise,free-sound,0516,1.099187,1
noise,free-sound,0517,9.962,0
noise,free-sound,0518,18.782062,1
noise,free-sound,0519,33.5935,1
noise,free-sound,0520,12.5,0
noise,free-sound,0521,7.000813,0
noise,free-sound,0522,79.285313,1
noise,free-sound,0523,8.424,1
noise,free-sound,0524,22.6495,0
noise,free-sound,0525,0.958313,1
noise,free-sound,0526,1.418688,1
noise,free-sound,0527,9.309313,0
noise,free-sound,0528,3.06975,1
noise,free-sound,0529,1.859438,1
noise,free-sound,0530,7.757313,0
noise,free-sound,0531,46.738813,0
noise,free-sound,0532,6,0
noise,free-sound,0533,37.91875,1
noise,free-sound,0534,17.477625,0
noise,free-sound,0535,18.137625,1
noise,free-sound,0536,0.69275,1
noise,free-sound,0537,12.173312,1
noise,free-sound,0538,0.573812,1
noise,free-sound,0539,1.515125,1
noise,free-sound,0540,3.004062,1
noise,free-sound,0541,16.37875,0
noise,free-sound,0542,8.224,1
noise,free-sound,0543,4.356,1
noise,free-sound,0544,107.064,0
noise,free-sound,0545,31.07325,1
noise,free-sound,0546,117.624062,0
noise,free-sound,0547,4.848875,1
noise,free-sound,0548,8.202438,1
noise,free-sound,0549,5.832,1
noise,free-sound,0550,6.373875,1
noise,free-sound,0551,33.18525,0
noise,free-sound,0552,77.736,1
noise,free-sound,0553,16.431,0
noise,free-sound,0554,0.783687,0
noise,free-sound,0555,21.577125,0
noise,free-sound,0556,19.905313,1
noise,free-sound,0557,9.11675,1
noise,free-sound,0558,8.38575,0
noise,free-sound,0559,14.204625,0
noise,free-sound,0560,269.544,1
noise,free-sound,0561,1.1755,1
noise,free-sound,0562,9.0645,0
noise,free-sound,0563,24.331875,0
noise,free-sound,0564,0.103563,0
noise,free-sound,0565,7.429375,1
noise,free-sound,0566,6.188313,1
noise,free-sound,0567,98.88,0
noise,free-sound,0568,113.638437,1
noise,free-sound,0569,3.84,1
noise,free-sound,0570,6.373875,1
noise,free-sound,0571,7.131437,1
noise,free-sound,0572,123.428562,1
noise,free-sound,0573,0.391,0
noise,free-sound,0574,20.845688,1
noise,free-sound,0575,6.635125,1
noise,free-sound,0576,3.732625,0
noise,free-sound,0577,13.453062,0
noise,free-sound,0578,19.35675,1
noise,free-sound,0579,17.266063,0
noise,free-sound,0580,135.68,0
noise,free-sound,0581,51.486312,0
noise,free-sound,0582,1.474438,0
noise,free-sound,0583,2.04375,1
noise,free-sound,0584,15.773938,0
noise,free-sound,0585,0.928813,1
noise,free-sound,0586,10.833312,1
noise,free-sound,0587,6.122687,0
noise,free-sound,0588,5.802688,1
noise,free-sound,0589,2.2465,1
noise,free-sound,0590,3.78775,0
noise,free-sound,0591,12.256875,1
noise,free-sound,0592,32.875125,1
noise,free-sound,0593,61.649,1
noise,free-sound,0594,141.177312,0
noise,free-sound,0595,26.898625,1
noise,free-sound,0596,13.33925,0
noise,free-sound,0597,6.24325,0
noise,free-sound,0598,57.920125,1
noise,free-sound,0599,3.84,0
noise,free-sound,0600,45.395,1
noise,free-sound,0601,4.239875,0
noise,free-sound,0602,4.125,0
noise,free-sound,0603,7.374062,1
noise,free-sound,0604,7.358125,0
noise,free-sound,0605,32,1
noise,free-sound,0606,88.84,0
noise,free-sound,0607,20.009812,0
noise,free-sound,0608,3.5265,1
noise,free-sound,0609,10.161625,0
noise,free-sound,0610,11.180438,0
noise,free-sound,0611,0.127,0
noise,free-sound,0612,11.049812,1
noise,free-sound,0613,28.551813,0
noise,free-sound,0614,30,0
noise,free-sound,0615,10.082875,1
noise,free-sound,0616,22.648187,1
noise,free-sound,0617,8.202687,1
noise,free-sound,0618,3.020563,0
noise,free-sound,0619,0.545438,0
noise,free-sound,0620,11.566437,1
noise,free-sound,0621,6.724375,1
noise,free-sound,0622,11.990187,0
noise,free-sound,0623,34.951813,1
noise,free-sound,0624,0.104,0
noise,free-sound,0625,20.819562,0
noise,free-sound,0626,1.323562,0
noise,free-sound,0627,0.3135,0
noise,free-sound,0628,29.022063,1
noise,free-sound,0629,3.5,1
noise,free-sound,0630,3.108563,1
noise,free-sound,0631,5.6,1
noise,free-sound,0632,2.568,1
noise,free-sound,0633,18.272625,1
noise,free-sound,0634,64,0
noise,free-sound,0635,16.876,0
noise,free-sound,0636,31.399188,1
noise,free-sound,0637,14.684188,0
noise,free-sound,0638,5.592688,1
noise,free-sound,0639,6.20375,1
noise,free-sound,0640,32.783687,1
noise,free-sound,0641,35.134687,0
noise,free-sound,0642,4.493062,1
noise,free-sound,0643,2.78425,1
noise,free-sound,0644,94.598187,0
noise,free-sound,0645,1.724063,1
noise,free-sound,0646,35.813,1
noise,free-sound,0647,60.103375,0
noise,free-sound,0648,12.288,1
noise,free-sound,0649,50.427937,1
noise,free-sound,0650,16.236,1
noise,free-sound,0651,65.2095,1
noise,free-sound,0652,5.69925,0
noise,free-sound,0653,29.125,1
noise,free-sound,0654,5.982062,1
noise,free-sound,0655,21.34,1
noise,free-sound,0656,4.884875,0
noise,free-sound,0657,9.667063,0
noise,free-sound,0658,19,1
noise,free-sound,0659,11.124187,1
noise,free-sound,0660,41.837313,0
noise,free-sound,0661,35.515062,1
noise,free-sound,0662,1.410625,1
noise,free-sound,0663,29.354437,0
noise,free-sound,0664,15.647375,1
noise,free-sound,0665,17.266938,0
noise,free-sound,0666,13.685625,0
noise,free-sound,0667,13.759813,0
noise,free-sound,0668,4.022875,0
noise,free-sound,0669,4.022875,0
noise,free-sound,0670,4.760063,0
noise,free-sound,0671,70.191,0
noise,free-sound,0672,6.2955,1
noise,free-sound,0673,3.829813,0
noise,free-sound,0674,31.131875,1
noise,free-sound,0675,8.769063,1
noise,free-sound,0676,2.163063,1
noise,free-sound,0677,107.76,0
noise,free-sound,0678,2.063687,0
noise,free-sound,0679,22,0
noise,free-sound,0680,14.568,0
noise,free-sound,0681,96.705313,0
noise,free-sound,0682,18.18125,1
noise,free-sound,0683,27.616,1
noise,free-sound,0684,139.00625,0
noise,free-sound,0685,43.878563,0
noise,free-sound,0686,15.603813,1
noise,free-sound,0687,20.802063,0
noise,free-sound,0688,19.25225,1
noise,free-sound,0689,1.05,0
noise,free-sound,0690,5.205312,1
noise,free-sound,0691,10.069313,1
noise,free-sound,0692,0.927875,1
noise,free-sound,0693,1.410625,1
noise,free-sound,0694,19.8465,1
noise,free-sound,0695,9.423813,1
noise,free-sound,0696,29.570625,0
noise,free-sound,0697,6.112625,1
noise,free-sound,0698,76.168875,0
noise,free-sound,0699,119.510188,0
noise,free-sound,0700,41.04,0
noise,free-sound,0701,6.057625,1
noise,free-sound,0702,21.81225,1
noise,free-sound,0703,8.193062,0
noise,free-sound,0704,20.16,1
noise,free-sound,0705,11.330687,1
noise,free-sound,0706,28.290625,1
noise,free-sound,0707,40.071813,0
noise,free-sound,0708,63.059562,1
noise,free-sound,0709,31.85775,0
noise,free-sound,0710,45.740437,1
noise,free-sound,0711,0.392688,1
noise,free-sound,0712,2.847375,1
noise,free-sound,0713,1.697938,1
noise,free-sound,0714,1.12325,0
noise,free-sound,0715,60.0555,0
noise,free-sound,0716,0.624,1
noise,free-sound,0717,5.982062,1
noise,free-sound,0718,13.035125,0
noise,free-sound,0719,7.000813,1
noise,free-sound,0720,10.736313,0
noise,free-sound,0721,9.03,1
noise,free-sound,0722,7.77,0
noise,free-sound,0723,89.721875,1
noise,free-sound,0724,0.910937,0
noise,free-sound,0725,33.229563,0
noise,free-sound,0726,120.013813,0
noise,free-sound,0727,29.022,1
noise,free-sound,0728,123.84,0
noise,free-sound,0729,187.14125,1
noise,free-sound,0730,1.489,1
noise,free-sound,0731,1.43675,1
noise,free-sound,0732,31.73875,1
noise,free-sound,0733,31.94775,1
noise,free-sound,0734,21.159188,1
noise,free-sound,0735,21.81225,1
noise,free-sound,0736,0.919438,1
noise,free-sound,0737,4.846938,0
noise,free-sound,0738,27.89875,1
noise,free-sound,0739,19.224,0
noise,free-sound,0740,64.071438,1
noise,free-sound,0741,18.696,0
noise,free-sound,0742,22.543688,0
noise,free-sound,0743,43.964062,1
noise,free-sound,0744,1.044875,0
noise,free-sound,0745,4.733313,0
noise,free-sound,0746,0.227,0
noise,free-sound,0747,17.423687,0
noise,free-sound,0748,5.64,0
noise,free-sound,0749,1,0
noise,free-sound,0750,5.459562,0
noise,free-sound,0751,1.446375,0
noise,free-sound,0752,33.608312,0
noise,free-sound,0753,24.696,1
noise,free-sound,0754,80.72325,1
noise,free-sound,0755,14.419562,1
noise,free-sound,0756,4.15875,1
noise,free-sound,0757,13.7665,0
noise,free-sound,0758,12.644375,1
noise,free-sound,0759,2.731375,0
noise,free-sound,0760,0.623313,0
noise,free-sound,0761,32.399062,0
noise,free-sound,0762,12.8,1
noise,free-sound,0763,20.491625,1
noise,free-sound,0764,0.064562,0
noise,free-sound,0765,0.20275,0
noise,free-sound,0766,0.026125,0
noise,free-sound,0767,29.638562,0
noise,free-sound,0768,0.422938,0
noise,free-sound,0769,25.761625,1
noise,free-sound,0770,55.562438,0
noise,free-sound,0771,3.157938,1
noise,free-sound,0772,4.653562,0
noise,free-sound,0773,9.045375,0
noise,free-sound,0774,3.147187,0
noise,free-sound,0775,29.510188,1
noise,free-sound,0776,15.661875,0
noise,free-sound,0777,6.922438,1
noise,free-sound,0778,18.261312,1
noise,free-sound,0779,12.512625,1
noise,free-sound,0780,30.275938,0
noise,free-sound,0781,60.720062,0
noise,free-sound,0782,9.898687,1
noise,free-sound,0783,8.614625,0
noise,free-sound,0784,35.804063,1
noise,free-sound,0785,26.919875,1
noise,free-sound,0786,19.8,1
noise,free-sound,0787,34.985312,1
noise,free-sound,0788,34.871812,1
noise,free-sound,0789,8.8515,0
noise,free-sound,0790,16.138125,0
noise,free-sound,0791,9,0
noise,free-sound,0792,41.586937,0
noise,free-sound,0793,9.430188,0
noise,free-sound,0794,4.434125,0
noise,free-sound,0795,45.814125,1
noise,free-sound,0796,10.24,1
noise,free-sound,0797,16.384,1
noise,free-sound,0798,12.970688,1
noise,free-sound,0799,5.631938,0
noise,free-sound,0800,9.6,0
noise,free-sound,0801,6.01075,0
noise,free-sound,0802,5.1245,0
noise,free-sound,0803,14.02775,1
noise,free-sound,0804,59.6985,0
noise,free-sound,0805,15.16,1
noise,free-sound,0806,11.78125,1
noise,free-sound,0807,4.10125,0
noise,free-sound,0808,1.697938,1
noise,free-sound,0809,25.129812,1
noise,free-sound,0810,4.008375,1
noise,free-sound,0811,7.976063,1
noise,free-sound,0812,12.198,1
noise,free-sound,0813,78.801812,1
noise,free-sound,0814,15.661625,1
noise,free-sound,0815,2.471812,1
noise,free-sound,0816,1.324625,1
noise,free-sound,0817,1.612313,1
noise,free-sound,0818,57.678375,1
noise,free-sound,0819,109.904313,0
noise,free-sound,0820,18.450875,0
noise,free-sound,0821,3.343688,1
noise,free-sound,0822,4.989375,1
noise,free-sound,0823,2.749125,1
noise,free-sound,0824,33.12325,0
noise,free-sound,0825,2.673563,0
noise,free-sound,0826,11.18175,0
noise,free-sound,0827,0.548,0
noise,free-sound,0828,60.081625,1
noise,free-sound,0829,6.750438,1
noise,free-sound,0830,0.958187,1
noise,free-sound,0831,11.441625,1
noise,free-sound,0832,14.942063,1
noise,free-sound,0833,4.97375,0
noise,free-sound,0834,17.066688,1
noise,free-sound,0835,5.051563,1
noise,free-sound,0836,64.896,0
noise,free-sound,0837,13.653313,1
noise,free-sound,0838,1.002938,1
noise,free-sound,0839,2.142063,1
noise,free-sound,0840,70.191,0
noise,free-sound,0841,90,0
noise,free-sound,0842,300,0
noise,sound-bible,0000,6.749937,1
noise,sound-bible,0001,2.063,1
noise,sound-bible,0002,1.044,1
noise,sound-bible,0003,6.55675,1
noise,sound-bible,0004,11.049,0
noise,sound-bible,0005,12.408,0
noise,sound-bible,0006,0.768,1
noise,sound-bible,0007,21.06,0
noise,sound-bible,0008,9.247,1
noise,sound-bible,0009,2.115,1
noise,sound-bible,0010,7.497,0
noise,sound-bible,0011,5.093,0
noise,sound-bible,0012,3.134,0
noise,sound-bible,0013,5.12,1
noise,sound-bible,0014,27.506,0
noise,sound-bible,0015,22.23,0
noise,sound-bible,0016,7.026,0
noise,sound-bible,0017,3.239187,1
noise,sound-bible,0018,3.683,0
noise,sound-bible,0019,6.922,1
noise,sound-bible,0020,4.336,0
noise,sound-bible,0021,12.721,0
noise,sound-bible,0022,4.153,1
noise,sound-bible,0023,2.56,1
noise,sound-bible,0024,2.455,1
noise,sound-bible,0025,5.537,1
noise,sound-bible,0026,0.653,1
noise,sound-bible,0027,3.004,1
noise,sound-bible,0028,12.617,1
noise,sound-bible,0029,3.004062,1
noise,sound-bible,0030,14.889,0
noise,sound-bible,0031,9.769,0
noise,sound-bible,0032,25.152,1
noise,sound-bible,0033,6.687,0
noise,sound-bible,0034,20.21875,1
noise,sound-bible,0035,6.5045,1
noise,sound-bible,0036,20.035,1
noise,sound-bible,0037,1.044,1
noise,sound-bible,0038,16.248,1
noise,sound-bible,0039,4.048,0
noise,sound-bible,0040,9.142,1
noise,sound-bible,0041,2.638,1
noise,sound-bible,0042,6.269,0
noise,sound-bible,0043,23.928,0
noise,sound-bible,0044,30.040813,1
noise,sound-bible,0045,61.413875,0
noise,sound-bible,0046,0.809813,1
noise,sound-bible,0047,6.164,1
noise,sound-bible,0048,62.641625,0
noise,sound-bible,0049,49.345312,0
noise,sound-bible,0050,1.056,1
noise,sound-bible,0051,2.063,1
noise,sound-bible,0052,6.765,1
noise,sound-bible,0053,12.878,0
noise,sound-bible,0054,37.172,1
noise,sound-bible,0055,18.102,1
noise,sound-bible,0056,7.888,1
noise,sound-bible,0057,4.179563,0
noise,sound-bible,0058,1.332,1
noise,sound-bible,0059,49.528,0
noise,sound-bible,0060,45.139,0
noise,sound-bible,0061,19.464,0
noise,sound-bible,0062,15.908,1
noise,sound-bible,0063,14.3935,1
noise,sound-bible,0064,2.847,1
noise,sound-bible,0065,7.235,1
noise,sound-bible,0066,2.716,1
noise,sound-bible,0067,27.742062,1
noise,sound-bible,0068,5.784,0
noise,sound-bible,0069,1.175,1
noise,sound-bible,0070,2.063,1
noise,sound-bible,0071,4.049,0
noise,sound-bible,0072,4.832,1
noise,sound-bible,0073,7.896,0
noise,sound-bible,0074,2.063,1
noise,sound-bible,0075,32.679,1
noise,sound-bible,0076,57.704,1
noise,sound-bible,0077,5.146,1
noise,sound-bible,0078,23.405687,0
noise,sound-bible,0079,21.394,1
noise,sound-bible,0080,4.702,0
noise,sound-bible,0081,16.848,1
noise,sound-bible,0082,3.604,1
noise,sound-bible,0083,58.61875,1
noise,sound-bible,0084,8.045,0
noise,sound-bible,0085,2.063,1
noise,sound-bible,0086,0.552,1