{
  "tim": {
    "feature_normalization":  [2],
    "fine_tuning_steps": [50, 100, 200, 300],
    "fine_tuning_lr": [0.001, 0.0001],
    "cross_entropy_weight": [1.0],
    "marginal_entropy_weight": [1.0],
    "conditional_entropy_weight": [0.1, 0.5, 1.0],
    "temperature": [1, 5, 10]
  },
  "finetune": {
    "feature_normalization": [2],
    "fine_tuning_steps": [50, 100, 200, 300],
    "fine_tuning_lr": [0.001, 0.0001],
    "temperature": [1, 5, 10]
  },
  "pt_map": {
    "feature_normalization": [2],
    "fine_tuning_steps": [10, 20, 30],
    "fine_tuning_lr": [0.2, 0.3, 0.5],
    "lambda_regularization": [10, 20, 30]
  },
  "laplacian_shot": {
    "feature_normalization": [2],
    "inference_steps": [10, 20, 30],
    "knn": [1, 3, 5, 7],
    "lambda_regularization": [0.1, 0.3, 0.5, 0.7, 0.8]
  },
  "transductive_finetuning": {
    "feature_normalization": [2],
    "fine_tuning_steps": [10, 25, 40],
    "fine_tuning_lr": [0.001, 0.0001, 0.00001],
    "temperature": [1, 5, 10]
  }
}