{
    "data_processing":{ 
      "dataset_name": "cifar100_less",
      "data_path": "./data/cifar100",
      "img_size": 32,
      "num_classes": 100,
      "batch_size4prcsing": 256,
      "chunk_size": 500,
      "compression": false
    },
  
    "train": {
      "model": {
        "architecture": "big_resnet",
        "conditional_strategy": "ProjGAN_adv",
        "pos_collected_numerator": false,
        "hypersphere_dim": "N/A",
        "nonlinear_embed": false,
        "normalize_embed": false,
        "g_spectral_norm": true,
        "d_spectral_norm": true,
        "activation_fn": "ReLU",
        "attention": true,
        "attention_after_nth_gen_block": 2,
        "attention_after_nth_dis_block": 1,
        "z_dim": 80,
        "shared_dim": 128,
        "g_conv_dim": 96,
        "d_conv_dim": 96,
        "G_depth":"N/A",
        "D_depth":"N/A"
      },  
  
      "optimization": {
        "optimizer": "Adam",
        "batch_size": 64,
        "accumulation_steps": 1, 
        "d_lr": 0.0002,
        "g_lr": 0.0002,
        "momentum": "N/A",
        "nesterov": "N/A",
        "alpha": "N/A",
        "beta1": 0.5,
        "beta2": 0.999,
        "g_steps_per_iter": 1,
        "d_steps_per_iter": 5,
        "total_step": 100000
      },
  
      "loss_function": {
        "adv_loss": "hinge",
  
        "contrastive_lambda": "N/A",
        "margin": "N/A", 
        "tempering_type": "N/A",
        "tempering_step": "N/A",
        "start_temperature": "N/A",
        "end_temperature": "N/A",
  
        "weight_clipping_for_dis": false,
        "weight_clipping_bound": "N/A",
  
        "gradient_penalty_for_dis": false,
        "gradient_penalty_lambda": "N/A",

        "deep_regret_analysis_for_dis": false,
        "regret_penalty_lambda": "N/A",
  
        "cr": false,
        "cr_lambda":"N/A",

        "bcr": false,
        "real_lambda": "N/A",
        "fake_lambda": "N/A",

        "zcr": false,
        "gen_lambda": "N/A",
        "dis_lambda": "N/A",
        "sigma_noise": "N/A"
      },
  
      "initialization":{
        "g_init": "ortho",
        "d_init": "ortho"
      },
  
      "training_and_sampling_setting":{
        "random_flip_preprocessing": true,
        "diff_aug": false,

        "ada": false,
        "ada_target": "N/A",
        "ada_length": "N/A",

        "prior": "gaussian",
        "truncated_factor": 1,

        "latent_op": false,
        "latent_op_rate":"N/A",
        "latent_op_step":"N/A",
        "latent_op_step4eval":"N/A",
        "latent_op_alpha":"N/A",
        "latent_op_beta":"N/A",
        "latent_norm_reg_weight":"N/A",
  
        "ema": true,
        "ema_decay": 0.9999,
        "ema_start": 1000
      }
    }
  }
