filename	event_labels
YKK227gPpRn4_30.000_40.000.wav	Alarm_bell_ringing,Speech
Y-6p32k2WUCs_0.000_10.000.wav	Alarm_bell_ringing
Y-Zjgm_sZd10_0.000_4.000.wav	Alarm_bell_ringing
Y-ikrSfqB0LU_0.000_3.000.wav	Alarm_bell_ringing
Y26ubekDhG_Y_0.000_10.000.wav	Alarm_bell_ringing
Y2xXpSgqrtDE_40.000_50.000.wav	Alarm_bell_ringing
Y2xo20i_OZrM_80.000_90.000.wav	Alarm_bell_ringing,Speech
Y3BcwNM72zcQ_10.000_20.000.wav	Alarm_bell_ringing
Y44U-fF5rsjM_0.000_10.000.wav	Alarm_bell_ringing,Dog
Y4oQdHNxBFFY_20.000_30.000.wav	Alarm_bell_ringing,Speech
Y52Usv8FcO0w_30.000_40.000.wav	Alarm_bell_ringing,Speech
Y5pNzHcUedVo_10.000_20.000.wav	Alarm_bell_ringing
Y6PrBwQNpLvo_10.000_20.000.wav	Alarm_bell_ringing,Speech
Y6aNA6pqmpd8_0.000_6.000.wav	Alarm_bell_ringing
Y7fGU8SFid9E_130.000_140.000.wav	Alarm_bell_ringing
Y9QEM0ThcgD4_20.000_30.000.wav	Alarm_bell_ringing
Y9zWmlaj56pM_60.000_70.000.wav	Alarm_bell_ringing,Speech
YCvvvGRbF5mU_30.000_40.000.wav	Alarm_bell_ringing,Dog,Speech
YE8Yi41OgpWo_0.000_10.000.wav	Alarm_bell_ringing
YEL3v64rTpG8_0.000_9.000.wav	Alarm_bell_ringing,Speech
YEenFsKjpsQc_200.000_210.000.wav	Alarm_bell_ringing,Speech
YEqCEkkd_c_I_0.000_10.000.wav	Alarm_bell_ringing
YHoBWL3qAnGU_350.000_360.000.wav	Alarm_bell_ringing
YI-uouJ_Zsv4_0.000_10.000.wav	Alarm_bell_ringing,Speech
YI3kPmcHvMrg_30.000_40.000.wav	Alarm_bell_ringing,Dog
YJ1EO9afbq4U_80.000_90.000.wav	Alarm_bell_ringing
YJ1Qv0p8QsR8_150.000_160.000.wav	Alarm_bell_ringing,Speech
YJQplKcC6Ejw_0.000_10.000.wav	Alarm_bell_ringing,Speech
YL7bzKI26Pek_190.000_200.000.wav	Alarm_bell_ringing,Speech
YL9_QOpRG8s8_0.000_10.000.wav	Alarm_bell_ringing
YLgf99OrWOVM_420.000_430.000.wav	Alarm_bell_ringing
YMkF2nVQypFM_30.000_40.000.wav	Alarm_bell_ringing,Speech
YMsy4mmS1DYc_110.000_120.000.wav	Alarm_bell_ringing,Speech
YO8MSD706FEQ_230.000_240.000.wav	Alarm_bell_ringing,Speech
YP900eyYudeg_30.000_40.000.wav	Alarm_bell_ringing,Speech
YPpKpwTI1REQ_410.000_420.000.wav	Alarm_bell_ringing
YSgbfq9K3Lqs_30.000_40.000.wav	Alarm_bell_ringing,Speech
YTLs3b0dV8Ew_10.000_20.000.wav	Alarm_bell_ringing
YTgp484iUwEg_190.000_200.000.wav	Alarm_bell_ringing
YU10g6Ou2A58_10.000_20.000.wav	Alarm_bell_ringing
YUhrqWmzFf8A_60.000_70.000.wav	Alarm_bell_ringing,Speech
YUwqNcZ_b_Js_240.000_250.000.wav	Alarm_bell_ringing,Speech
YVVJOjfAY0ec_40.000_50.000.wav	Alarm_bell_ringing,Speech
YVXVuWhara_o_60.000_70.000.wav	Alarm_bell_ringing
YVafgccb1ubk_320.000_330.000.wav	Alarm_bell_ringing,Speech
YWmOE-cfIJe0_8.000_18.000.wav	Alarm_bell_ringing,Speech
YXiu_VGdKi4o_0.000_4.000.wav	Alarm_bell_ringing
YYTdVeMwwYkY_11.000_21.000.wav	Alarm_bell_ringing
YYaTkV4qCqQc_19.000_29.000.wav	Alarm_bell_ringing,Speech
YZFmyeuE40I8_500.000_510.000.wav	Alarm_bell_ringing,Speech
Y_CZzm6jUxbo_30.000_40.000.wav	Alarm_bell_ringing,Speech
Y_KNIJQJ-CHA_30.000_40.000.wav	Alarm_bell_ringing
Y_YoIeZgxdAI_0.000_10.000.wav	Alarm_bell_ringing,Dog
YaCVJyp88tpM_150.000_160.000.wav	Alarm_bell_ringing
YabTPRP0_F-A_180.000_190.000.wav	Alarm_bell_ringing,Speech
YaeEdZ2Pd7Mo_10.000_20.000.wav	Alarm_bell_ringing,Speech
Yb2o_IFW-9HQ_2.000_12.000.wav	Alarm_bell_ringing
YbLe0AmKB8fY_560.000_570.000.wav	Alarm_bell_ringing,Speech
YbRUUPDD_nSQ_22.000_32.000.wav	Alarm_bell_ringing,Speech
Ybm0xs7iYwo4_60.000_70.000.wav	Alarm_bell_ringing,Speech
YeqlP9_HNy68_0.000_10.000.wav	Alarm_bell_ringing,Speech
YfjcfhE22AVQ_540.000_550.000.wav	Alarm_bell_ringing
YguQwU8X2IrY_0.000_10.000.wav	Alarm_bell_ringing,Speech
Yj2ZWCwZh9LQ_10.000_20.000.wav	Alarm_bell_ringing,Dog,Speech
YkD_sM3ZF514_160.000_170.000.wav	Alarm_bell_ringing
YkIqf8gd4W8Q_590.000_600.000.wav	Alarm_bell_ringing
Yl8ImMjuK29M_330.000_340.000.wav	Alarm_bell_ringing
YmOfTDGOGBpI_160.000_170.000.wav	Alarm_bell_ringing,Running_water
YmpAYvNw6VEw_40.000_50.000.wav	Alarm_bell_ringing,Speech
Yn2u-4A9fY28_20.000_30.000.wav	Alarm_bell_ringing,Speech,Dog
YoFcRyerYBfM_30.000_40.000.wav	Alarm_bell_ringing
Yp6CYj_0IR28_0.000_4.000.wav	Alarm_bell_ringing
YqDCK7vo_MCM_140.000_150.000.wav	Alarm_bell_ringing,Speech
YqGDaSUy-llQ_0.000_9.000.wav	Alarm_bell_ringing
Yr4auqsn1UuA_430.000_440.000.wav	Alarm_bell_ringing
YrzAqETGwotg_20.000_30.000.wav	Alarm_bell_ringing,Speech
YtLgYuO-w638_0.000_10.000.wav	Alarm_bell_ringing
YtNr5TNpI_SY_30.000_40.000.wav	Alarm_bell_ringing
YxnwwsEEJvdk_200.000_210.000.wav	Alarm_bell_ringing,Speech
YyNNf4uTzPjQ_10.000_20.000.wav	Alarm_bell_ringing
YylADXwDnjwY_550.000_560.000.wav	Alarm_bell_ringing
YzNvgZ5QPAFI_30.000_40.000.wav	Alarm_bell_ringing,Speech
Y0632OqvXrwg_7.000_17.000.wav	Cat,Speech
Y06Mm032486Q_30.000_40.000.wav	Cat
Y08R27f6Ffdk_6.000_16.000.wav	Cat,Speech
Y0Am7X758-Ek_30.000_40.000.wav	Cat
Y0CEQ565DH_A_30.000_40.000.wav	Cat,Speech
Y0DtJdRFPmS4_30.000_40.000.wav	Cat,Speech
Y0E6Uaq_e6OA_20.000_30.000.wav	Cat,Speech
Y0F40MJSfsDw_30.000_40.000.wav	Cat
Y0F7yaWNgTGg_30.000_40.000.wav	Cat,Speech
Y0F8srmjGqtA_30.000_40.000.wav	Cat,Speech
Y0G-Qx3Gv01s_0.000_8.000.wav	Cat,Speech
Y0GGO5npJzWI_0.000_10.000.wav	Cat
Y0QtmEs-OOsA_21.000_31.000.wav	Cat
Y0SjvusZqA3w_0.000_6.000.wav	Cat
Y0Sq8ge7D4wU_3.000_13.000.wav	Cat,Speech
Y0UKzyBqyhGc_27.000_37.000.wav	Cat
Y0W_gYR6p-D0_30.000_40.000.wav	Cat
Y0_K6OKtoBBU_30.000_40.000.wav	Cat
Y0b06i5LzIFw_26.000_36.000.wav	Cat
Y0bj1ynHjnR8_26.000_36.000.wav	Cat
Y0crSdgvedhc_150.000_160.000.wav	Cat
Y0hbOtaw86mk_30.000_40.000.wav	Cat,Dog
Y0i31R7PS-GA_20.000_30.000.wav	Cat,Speech
Y0kOj9aZEySE_21.000_31.000.wav	Cat
Y0owoOrZH2mI_28.000_38.000.wav	Cat
Y0q1Ytfn8yMU_10.000_20.000.wav	Cat
Y0rJwumFz1O0_30.000_40.000.wav	Cat
Y0uab4-3d6MM_30.000_40.000.wav	Cat
Y0v87UfMga5U_30.000_40.000.wav	Cat
Y0xhygj2rhpk_21.000_31.000.wav	Cat,Speech
Y0xzbWmrJCa0_30.000_40.000.wav	Cat
Y0zv4NcZfYhE_24.000_34.000.wav	Cat
Y11rKpXBR_ck_24.000_34.000.wav	Cat
Y15nVe6RwUNM_19.000_29.000.wav	Cat
Y16ccKlJF5H8_6.000_16.000.wav	Cat
Y16th_TIPv84_30.000_40.000.wav	Cat
Y17tk_fp4eJ0_50.000_60.000.wav	Cat
Y18FN3fDI25A_30.000_40.000.wav	Cat
Y19UTZe1Gwj4_30.000_40.000.wav	Cat
Y1DVyj_Q5f0A_12.000_22.000.wav	Cat
Y1FUMr2pDTn0_30.000_40.000.wav	Cat
Y1H0jwhMaS70_30.000_40.000.wav	Cat
Y1Kxgh-Eciz0_30.000_40.000.wav	Cat
Y1MPwoS-R83A_30.000_40.000.wav	Cat
Y1NwoL7fn1Qk_40.000_50.000.wav	Cat
Y1QAZc5vOLlE_10.000_20.000.wav	Cat
Y1QxDi-op6Qg_27.000_37.000.wav	Cat
Y1RNq7dbRpWU_16.000_26.000.wav	Cat
Y1U1k-d1x1qw_30.000_40.000.wav	Cat
Y1UgCfEUzfqo_30.000_40.000.wav	Cat
Y1Unp4vddTlM_30.000_40.000.wav	Cat
Y1VQZAJgvzWI_30.000_40.000.wav	Cat
Y1VyUmkngG5g_10.000_20.000.wav	Cat
Y1b1b-9_AcFg_30.000_40.000.wav	Cat
Y1bdZx2gFZ2w_30.000_40.000.wav	Cat
Y1cSeAysUdek_20.000_30.000.wav	Cat
Y1ci9EhneRNs_30.000_40.000.wav	Cat
Y1dgBCUaZVAQ_21.000_31.000.wav	Cat
Y1owUfrSLOEg_30.000_40.000.wav	Cat
Y1sLF9mlF1yg_2.000_12.000.wav	Cat
Y1szSQEuQ5WM_30.000_40.000.wav	Cat
Y1tHhN-4fTiU_30.000_40.000.wav	Cat
Y1tJdV9lG8dI_30.000_40.000.wav	Cat
Y1vEjPObCs-c_6.000_16.000.wav	Cat
Y1wTYC26te1E_30.000_40.000.wav	Cat
Y1x2dJASMVi4_30.000_40.000.wav	Cat
Y1zEJWzqb59A_0.000_10.000.wav	Cat
Y1zYsKe5HhsQ_21.000_31.000.wav	Cat
Y2-dHuNPOmFg_30.000_40.000.wav	Cat
Y221Ia1cD5dQ_22.000_32.000.wav	Cat
Y28yk3SrpV9Q_20.000_30.000.wav	Cat
Y29-H4jj5UsE_24.000_34.000.wav	Cat
Y2CSHWGtuxAY_30.000_40.000.wav	Cat
Y2DaEW8tcMvo_30.000_40.000.wav	Cat
Y2Eu-5zFuvb0_12.000_22.000.wav	Cat,Dog
Y2EuM56yo0BM_30.000_40.000.wav	Cat
Y2IvNEoXArxU_30.000_40.000.wav	Cat
Y2KFRad_OEVM_30.000_40.000.wav	Cat
Y2KjNkHQ8dvI_30.000_40.000.wav	Cat
Y2Kz8a9S_Izs_11.000_21.000.wav	Cat
Y2MFWzrk_KTM_30.000_40.000.wav	Cat
Y2OoPfRnajZQ_30.000_40.000.wav	Cat
Y2UGVSzh2bpQ_30.000_40.000.wav	Cat
Y2YFsREAuJv4_30.000_40.000.wav	Cat
Y2_07VckX0oU_21.000_31.000.wav	Cat
Y2_Fl6KD9xZQ_30.000_40.000.wav	Cat
Y2b0EzAqILu0_30.000_40.000.wav	Cat
Y2ePpNRwWoOc_30.000_40.000.wav	Cat
Y2fVTY-74PHI_30.000_40.000.wav	Cat
Y2gCoy1QSPKM_10.000_20.000.wav	Cat
Y2gs0Ltt5niY_30.000_40.000.wav	Cat
Y2gvtmPZBNqw_30.000_40.000.wav	Cat
Y2j8pxiFvElM_0.000_5.000.wav	Cat
Y2nSWjsRllr8_30.000_40.000.wav	Cat
Y2pFAkhUv7HQ_19.000_29.000.wav	Cat
Y2rEjHi9VQM0_7.000_17.000.wav	Cat
Y2sZhC_mKeic_30.000_40.000.wav	Cat
Y2smnPw-cEps_30.000_40.000.wav	Cat
Y2tMAx_ODhkw_10.000_20.000.wav	Cat,Speech
Y2tpNtgOTI7M_21.000_31.000.wav	Cat
Y2tvbXTF_MOA_30.000_40.000.wav	Cat
Y2wG2Ar6VRMU_30.000_40.000.wav	Cat
Y2wN-zr2MB2A_30.000_40.000.wav	Cat
Y3-Q-3tZRaLI_30.000_40.000.wav	Cat
Y3-Yw2TJQX4M_13.000_23.000.wav	Cat
Y30N8kpX42Nc_30.000_40.000.wav	Cat
Y30jyF9zlHXU_30.000_40.000.wav	Cat
Y323uKBR-l4o_30.000_40.000.wav	Cat
Y34_hvcz2g3s_25.000_35.000.wav	Cat
Y34nb4_NIs_4_13.000_23.000.wav	Cat
Y35qYEcRiJEY_8.000_18.000.wav	Cat,Speech
Y369SnL621UI_0.000_10.000.wav	Cat
Y3Ez6bhUGPKk_30.000_40.000.wav	Cat
Y3G6CJHZEVYM_30.000_40.000.wav	Cat
Y3GC8vah5aHU_30.000_40.000.wav	Cat
Y3Glt9M8l_OA_30.000_40.000.wav	Cat
Y3HrhMbXIuEk_18.000_28.000.wav	Cat
Y3N0eacoj16s_6.000_16.000.wav	Cat
Y3P_hZmAbPuI_30.000_40.000.wav	Cat
Y3QOZzr4qCsg_20.000_30.000.wav	Cat
Y3REDa7Da7Dk_30.000_40.000.wav	Cat
Y3UjvVNXo91s_30.000_40.000.wav	Cat
Y3Vu_2_YBeTk_30.000_40.000.wav	Cat
Y3W20yc8TE1s_30.000_40.000.wav	Cat,Speech
Y3dVfAVhlAVo_30.000_40.000.wav	Cat
Y3ehTwni-7sg_30.000_40.000.wav	Cat
Y3ejndVEAcmQ_11.000_21.000.wav	Cat
Y3fdw7WJRVQc_19.000_29.000.wav	Cat
Y3gXb8hq1Vk8_25.000_35.000.wav	Cat
Y3gjF-cVb_m4_30.000_40.000.wav	Cat
Y3n--reua_a0_27.000_37.000.wav	Cat
Y3tPbl-78nZ8_0.000_4.000.wav	Cat
Y3vcBPIhHjbE_90.000_100.000.wav	Cat,Dog
Y3ww-zwFxrtY_30.000_40.000.wav	Cat
Y3xeZDE2UE6w_30.000_40.000.wav	Cat,Speech
Y46Ui0WCPoNk_30.000_40.000.wav	Cat
Y48qlec3i3Ds_25.000_35.000.wav	Cat
Y4BK-071pAfI_30.000_40.000.wav	Cat
Y4BmkuLnWy1U_120.000_130.000.wav	Cat
Y4MdNHt91DHM_30.000_40.000.wav	Cat
Y4MqedZrHths_30.000_40.000.wav	Cat
Y4OYKkAqdYbI_0.000_10.000.wav	Cat
Y4P7p_EIdIeY_30.000_40.000.wav	Cat
Y4S2R5UfWNBc_4.000_14.000.wav	Cat,Speech
Y4UHlvxbSsJY_30.000_40.000.wav	Cat
Y4VD4FGVS2nM_10.000_20.000.wav	Cat
Y4VmVMns3514_50.000_60.000.wav	Cat
Y4XHI4u7VidE_30.000_40.000.wav	Cat
Y4Z-aeSrkqFg_30.000_40.000.wav	Cat
Y4_MSTYZF8ns_0.000_10.000.wav	Cat
Y4bLFS9KnHJU_30.000_40.000.wav	Cat
Y4d4NOpPqTeo_11.000_21.000.wav	Cat
Y4eeCIydN--4_3.000_13.000.wav	Cat
Y4f2SbVHDPU8_30.000_40.000.wav	Cat
Y4fpXqwEe_hM_0.000_4.000.wav	Cat
Y4g5UJW0t4uc_30.000_40.000.wav	Cat,Speech
Y4gSRzRQie2M_1.000_11.000.wav	Cat
Y4hMpfbdjIjo_40.000_50.000.wav	Cat
Y4hjW385XyHE_30.000_40.000.wav	Cat
Y4ks0_dkWNGw_10.000_20.000.wav	Cat
Y4lYCUB4REU0_30.000_40.000.wav	Cat
Y4le_42J5qkU_12.000_22.000.wav	Cat
Y4mswzuaZjnQ_30.000_40.000.wav	Cat
Y4muUnvSiceA_30.000_40.000.wav	Cat
Y4nsoFVx6MZ4_17.000_27.000.wav	Cat
Y4oDE5ldMtT4_30.000_40.000.wav	Cat
Y4pSzvT4eNdE_22.000_32.000.wav	Cat,Speech
Y4pjcLnx3dMs_14.000_24.000.wav	Cat
Y4rZuOkQL4HY_30.000_40.000.wav	Cat
Y4rlpvDKiMMY_15.000_25.000.wav	Cat
Y4saOJCEUaLE_17.000_27.000.wav	Dog
Y4v89TDGH3do_30.000_40.000.wav	Cat
Y5-aW6ffdiys_100.000_110.000.wav	Cat
Y52tdbEqLRsM_30.000_40.000.wav	Cat
Y--sIMPsphRI_10.000_20.000.wav	Dog
Y--7jZxfzemI_13.000_23.000.wav	Dog
Y--L22BmDI6E_12.000_22.000.wav	Dog
Y-1UleAsNU_4_30.000_40.000.wav	Dog
Y-24cKdvEPHs_20.000_30.000.wav	Dog
Y-2XABjjB1tU_110.000_120.000.wav	Dog
Y-37X0bRVT0g_140.000_150.000.wav	Dog
Y-3L1zkUbHt8_21.000_31.000.wav	Dog
Y-3cmXbOJOoc_30.000_40.000.wav	Dog,Speech
Y-4H1EUXNl5s_30.000_40.000.wav	Dog
Y-4ROHZMW7t0_5.000_15.000.wav	Dog
Y-4ZFguO-v8M_50.000_60.000.wav	Dog,Speech
Y-4i49rWLl1o_20.000_30.000.wav	Dog
Y-4oBn8qurR4_25.000_35.000.wav	Dog
Y-5IoPSM59xM_9.000_19.000.wav	Dog
Y-5rnGk2e1ao_0.000_10.000.wav	Dog
Y-799s1wQehA_110.000_120.000.wav	Dog
Y-7T1vQ2CgdQ_10.000_20.000.wav	Dog,Alarm_bell_ringing
Y-7Y8Cmjdvuk_20.000_30.000.wav	Dog
Y-7khzUmnlm8_30.000_40.000.wav	Dog
Y-7v9JCLrISM_210.000_220.000.wav	Dog
Y-9OUFFMZTuk_50.000_60.000.wav	Dog,Speech
Y-9P1IlNEgsM_0.000_8.000.wav	Dog
Y-9YohOxYZ0Q_10.000_20.000.wav	Dog
Y-A1G9vEhK58_20.000_30.000.wav	Dog
Y-BEt_WLaM_8_30.000_40.000.wav	Dog
Y-CEC5RoRUbU_30.000_40.000.wav	Dog
Y-Dqd4YgZL0k_30.000_40.000.wav	Dog
Y-EM6qEqk_H0_10.000_20.000.wav	Dog
Y-GQtDyZq5y4_30.000_40.000.wav	Dog
Y-HBR6wrrhAs_0.000_10.000.wav	Dog
Y-HLkaa5GCFg_20.000_30.000.wav	Dog,Speech
Y-HnhPxiYLLU_0.000_9.000.wav	Dog
Y-IHE1hhdtek_30.000_40.000.wav	Dog
Y-Io461is8Ko_120.000_130.000.wav	Dog
Y-Its_5qrHs8_30.000_40.000.wav	Dog,Speech
Y-JlAIil9iSE_8.000_18.000.wav	Dog
Y-K0wP_zCTvA_30.000_40.000.wav	Dog
Y-KzCxE1X5j0_30.000_40.000.wav	Dog
Y-L46ZLyp9R0_30.000_40.000.wav	Dog
Y-LWu_lirwKk_0.000_10.000.wav	Dog,Speech
Y-LqG7GIW8UQ_110.000_120.000.wav	Dog
Y-N7Qwe8goRc_20.000_30.000.wav	Dog
Y-Nsu5Dm73Xw_0.000_10.000.wav	Dog
Y-O-s44NpuEo_30.000_40.000.wav	Dog
Y-OIGDKhH1cQ_10.000_20.000.wav	Dog
Y-OYEgBWbvr4_0.000_10.000.wav	Dog
Y-PIv8H-fn5U_50.000_60.000.wav	Dog,Speech
Y-PWc49x8cyE_30.000_40.000.wav	Dog
Y-PxusaPCH98_30.000_40.000.wav	Dog
Y-QSTEXFuNZs_0.000_10.000.wav	Dog
Y-QhqFtXZ7NA_30.000_40.000.wav	Dog
Y-R47b72sQLU_4.000_14.000.wav	Dog
Y-R5D2ee48uQ_21.000_31.000.wav	Dog
Y-SL5sFIuhtg_30.000_40.000.wav	Dog
Y-T9PDWg_EeU_30.000_40.000.wav	Dog
Y-T9mK2krm2w_30.000_40.000.wav	Dog
Y-TSQj52I1PQ_260.000_270.000.wav	Dog
Y-UIDQgPMztE_30.000_40.000.wav	Dog
Y-UubaEEMA4Q_30.000_40.000.wav	Dog,Speech
Y-UxlFmoVuPo_30.000_40.000.wav	Dog
Y-VG70q026Bw_30.000_40.000.wav	Dog
Y-VPoLzHsw1s_30.000_40.000.wav	Dog
Y-VV6dIcGmwI_0.000_10.000.wav	Dog
Y-VbuWn-f52s_30.000_40.000.wav	Dog
Y-Vo3XijOlvc_70.000_80.000.wav	Dog
Y-W0tpODVUfQ_30.000_40.000.wav	Dog
Y-WelAtqGj1E_60.000_70.000.wav	Dog
Y-XLzWTb3sUg_30.000_40.000.wav	Dog,Speech
Y-Y2x_3lyCqY_10.000_20.000.wav	Dog
Y-YEkSU7gXLw_30.000_40.000.wav	Dog
Y-Z0yjRccfSY_17.000_27.000.wav	Dog,Speech
Y-ZBKA57bVj8_20.000_30.000.wav	Dog
Y-ZdP1MF8bIw_10.000_20.000.wav	Dog
Y-_A4yJmxFdM_30.000_40.000.wav	Dog
Y-dvfWWc5bQ8_30.000_40.000.wav	Dog
Y-eHWGca4Z8U_50.000_60.000.wav	Dog
Y-ehQwV9uU8s_30.000_40.000.wav	Dog
Y-dkiBLyj6wA_30.000_40.000.wav	Dog
Y-dg95jfWnP4_30.000_40.000.wav	Dog
Y-dDpGRPHzM0_30.000_40.000.wav	Dog,Speech
Y-cid4JHUyiI_20.000_30.000.wav	Dog
Y-cYASqmhOUo_50.000_60.000.wav	Dog
Y-bWroS6KQj4_26.000_36.000.wav	Dog
Y-akpZs0cx68_30.000_40.000.wav	Dog
Y-_YEMHrl2QI_2.000_12.000.wav	Dog
Y-eoxW0xL72I_20.000_30.000.wav	Dog
Y-fugxRc4VhY_40.000_50.000.wav	Dog
Y-furRVKz4ac_30.000_40.000.wav	Dog
Y-hdg7DQaxW4_30.000_40.000.wav	Dog
Y-hqM85LZw7c_20.000_30.000.wav	Dog
Y-i0mmYppi18_30.000_40.000.wav	Dog
Y-iQlvp-lsY4_30.000_40.000.wav	Dog
Y-jQRCubyDVU_30.000_40.000.wav	Dog
Y-kCWX1wjibc_30.000_40.000.wav	Dog
Y-lHF9tBL2B8_30.000_40.000.wav	Dog
Y-lT-SZfrIIU_140.000_150.000.wav	Dog
Y-lwNEw-ZXlQ_10.000_20.000.wav	Dog
Y-m5z0sH7kGE_20.000_30.000.wav	Dog
Y-mdPX2djAUY_10.000_20.000.wav	Dog
Y-mehDRbzJME_20.000_30.000.wav	Dog
Y-mn4rI21T-4_30.000_40.000.wav	Dog
Y-mt3E7_Ovlo_30.000_40.000.wav	Dog
Y-unossccIwI_0.000_5.000.wav	Dog
Y-umSSowXOX0_30.000_40.000.wav	Dog
Y-u-Id9BVvIc_2.000_12.000.wav	Dog
Y-u-F4pBH3F0_30.000_40.000.wav	Dog
Y-twU2FvK4xw_50.000_60.000.wav	Dog,Speech
Y-tPtpv32DZw_10.000_20.000.wav	Dog
Y-sxwmvdgmWs_21.000_31.000.wav	Dog
Y-sgDyi4BY-0_30.000_40.000.wav	Dog
Y-sHWEPAUvmQ_50.000_60.000.wav	Dog
Y-rcdmMimpgk_5.000_15.000.wav	Dog
Y-rT-3LOGIjw_10.000_20.000.wav	Dog
Y-r97oVkDfKQ_30.000_40.000.wav	Dog
Y-r7foRuzOuc_70.000_80.000.wav	Dog
Y-qfHOFxUwGQ_0.000_10.000.wav	Dog
Y-pdmLg5FbQY_30.000_40.000.wav	Dog
Y-pd7_XFFy0A_100.000_110.000.wav	Dog
Y-oRgzBsFneA_22.000_32.000.wav	Dog
Y-nveMLXxLn4_10.000_20.000.wav	Dog
Y-nvJc7KvBJ8_30.000_40.000.wav	Dog
Y-niT5wKbFOo_10.000_20.000.wav	Dog
Y-naZXDdh9Ps_30.000_40.000.wav	Dog
Y-n6rtB7rMuo_30.000_40.000.wav	Dog,Speech
Y-mtTSO6FhSA_10.000_20.000.wav	Dog,Speech
Y-vmRy0dU5kQ_0.000_5.000.wav	Dog
Y-wb18_6tLAE_50.000_60.000.wav	Dog
Y-yFeywhaivM_30.000_40.000.wav	Dog
Y-yX0TlfBiFg_12.000_22.000.wav	Dog
Y-yktClBEgbk_30.000_40.000.wav	Dog
Y-yspk7ebYkQ_20.000_30.000.wav	Dog
Y-za3Io5SExs_30.000_40.000.wav	Dog
Y0-uzle1hzoI_0.000_10.000.wav	Dog
Y-xy_iwaQckM_50.000_60.000.wav	Dog,Speech
Y-zSFmp8e43E_30.000_40.000.wav	Dog
Y0Am_PbPUkuk_30.000_40.000.wav	Dog
Y0ApKTbVeSEU_21.000_31.000.wav	Dog
Y0BSidlvh4Ds_30.000_40.000.wav	Dog
Y0BTCY5xhrIY_30.000_40.000.wav	Dog
Y0BnyrbZz8Jk_30.000_40.000.wav	Dog
Y0BwiOU6alvQ_0.000_10.000.wav	Dog
Y0C3J02LHgVk_30.000_40.000.wav	Dog
Y0CRPp8k4wEo_30.000_40.000.wav	Dog
Y0CUHnK_Lh4s_30.000_40.000.wav	Dog
Y0CYxiRkfVhw_30.000_40.000.wav	Dog
Y0CgZR0f_yFs_30.000_40.000.wav	Dog
Y0CkERnAY8Ro_30.000_40.000.wav	Dog,Speech
Y0EOJ3ZqLJDU_10.000_20.000.wav	Dog
Y0EjIJRg8ub4_30.000_40.000.wav	Dog
Y0FtYHAivI2E_30.000_40.000.wav	Dog
Y0Gggc7Vz7TI_10.000_20.000.wav	Dog
Y0Gxxzj2vopc_30.000_40.000.wav	Dog
Y0IGUZWhc9Go_10.000_20.000.wav	Dog
Y0J0sN1xeDZM_30.000_40.000.wav	Dog
Y0M20-hvyBvQ_110.000_120.000.wav	Dog
Y0M7CEfzzGm8_220.000_230.000.wav	Dog
Y0N3bFducxuc_30.000_40.000.wav	Dog
Y0NIW_5zr2zg_30.000_40.000.wav	Dog
Y0OLsNjg9Q_c_40.000_50.000.wav	Dog
Y0P2dMIUs6W0_21.000_31.000.wav	Dog
Y0Q_BPEl7_Vo_30.000_40.000.wav	Dog
Y0QkmP-TtIFo_300.000_310.000.wav	Dog
Y0RFwwmALrBs_30.000_40.000.wav	Dog,Speech
Y0RNKWKFds8Y_30.000_40.000.wav	Dog
Y0RxvhDsjL0M_30.000_40.000.wav	Dog
Y0UEClS6XhZ0_30.000_40.000.wav	Dog
Y0UhAR0Qt4UA_28.000_38.000.wav	Dog
Y0XDz4i5L4nE_30.000_40.000.wav	Dog,Speech
Y0XED4i5Jkzw_300.000_310.000.wav	Dog
Y0XR0EQBxzZk_30.000_40.000.wav	Dog
Y0XUauSOwvzk_30.000_40.000.wav	Dog
Y0X_XBckLKj8_30.000_40.000.wav	Dog
Y0XouGEsWiQk_200.000_210.000.wav	Dog
Y0ZPALU8EnWQ_30.000_40.000.wav	Dog
Y0ZvMYLsy5sY_20.000_30.000.wav	Dog
Y0_J0BWiW7-k_12.000_22.000.wav	Dog,Vacuum_cleaner
Y0a8RB5eOGJ4_30.000_40.000.wav	Dog
Y0br2bEMg6yg_23.000_33.000.wav	Dog
Y0bveNubRkUI_0.000_10.000.wav	Dog
Y0cGgIDhIfdA_30.000_40.000.wav	Dog
Y0cnLnzrBcmY_10.000_20.000.wav	Dog
Y0d8dFoWQ2KA_30.000_40.000.wav	Dog
Y0dI4cUQlAkQ_30.000_40.000.wav	Dog
Y0eNfQDAbn_Y_20.000_30.000.wav	Dog
Y0eaVWAwYCyU_40.000_50.000.wav	Dog,Speech
Y0ebNDEKQWmY_2.000_12.000.wav	Dog
Y0geFG8tCbrc_0.000_9.000.wav	Dog,Speech
Y0gvqDWLoBfQ_10.000_20.000.wav	Dog
Y0io4FnKo8Eg_20.000_30.000.wav	Dog
Y0izj5OZGtg8_30.000_40.000.wav	Dog
Y0j2L1H_b1qM_20.000_30.000.wav	Dog
Y0kTHgSzQkfw_10.000_20.000.wav	Dog
Y0l2qcA0XKUs_30.000_40.000.wav	Dog
Y0lUFEAnnET8_30.000_40.000.wav	Dog
Y0lV5Fln3nYA_390.000_400.000.wav	Dog
Y0m5K90TnZhI_30.000_40.000.wav	Dog,Speech
Y0m9QkjCVwcU_30.000_40.000.wav	Dog,Speech
Y0mkHrcDzecQ_90.000_100.000.wav	Dog
Y5_OJsj6bcuo_260.000_270.000.wav	Dishes,Frying,Speech
Y8EQHKEd5mm4_120.000_130.000.wav	Dishes,Frying
YA_0MlszhCDE_180.000_190.000.wav	Dishes,Frying,Speech
YKs82WXeSK_I_200.000_210.000.wav	Dishes,Frying
YTrdsiHl7xWA_30.000_40.000.wav	Dishes,Frying,Speech
YZPDVc3hNaQs_80.000_90.000.wav	Dishes,Speech,Frying
Y-DlHUJC4NuM_16.000_26.000.wav	Frying,Dishes
Y-EDRNpIlIwo_480.000_490.000.wav	Frying
Y-GFJt6U-eE8_340.000_350.000.wav	Speech,Frying,Dishes
Y-Owu1H-JG9w_410.000_420.000.wav	Frying,Speech
Y-PfTYmixaVM_170.000_180.000.wav	Frying
Y-RIXNh-i88E_30.000_40.000.wav	Speech,Frying,Dishes
Y-ZFt9Uzz6Bc_410.000_420.000.wav	Frying,Speech,Dishes
Y-_EXFasQQb8_10.000_20.000.wav	Frying,Speech
Y-_OktjRkoSk_110.000_120.000.wav	Frying,Speech
Y-essyyKfJao_310.000_320.000.wav	Frying,Speech
Y-g-eZBsr_3s_520.000_530.000.wav	Frying,Speech
Y-knsW4FmXus_320.000_330.000.wav	Frying,Speech
Y-mNmhJs1pYM_90.000_100.000.wav	Frying
Y04jA_kRetJY_190.000_200.000.wav	Frying,Speech
Y0H886ArR4l4_20.000_30.000.wav	Frying,Speech
Y0PvDZ5t_Ajk_20.000_30.000.wav	Frying,Speech
Y0WxL3UhsteQ_210.000_220.000.wav	Frying,Speech
Y0Z4LBWXXRTY_430.000_440.000.wav	Frying,Speech
Y0eTnDw0z8MQ_170.000_180.000.wav	Frying,Speech,Dishes
Y0lEavQUSRO4_410.000_420.000.wav	Frying,Speech,Dishes
Y0m5cakFD4UM_80.000_90.000.wav	Frying,Speech,Dishes
Y0oUbMWJgokM_170.000_180.000.wav	Speech,Frying
Y0rmCYTGycKw_90.000_100.000.wav	Frying,Speech
Y0t1ogJiWi2s_60.000_70.000.wav	Speech,Frying
Y0wBhkeneS_0_90.000_100.000.wav	Frying
Y18ga5cnUrmk_80.000_90.000.wav	Speech,Frying
Y1BScYBNc6MA_50.000_60.000.wav	Speech,Frying
Y1CPfFe_5hyQ_200.000_210.000.wav	Frying,Speech,Dishes
Y1ERSh8l5-sM_330.000_340.000.wav	Speech,Frying
Y1GOF_EEeO-0_250.000_260.000.wav	Frying,Speech,Dishes
Y1T8oXIFhjbI_160.000_170.000.wav	Frying,Speech,Dishes
Y1X3ab9ycVL0_130.000_140.000.wav	Frying,Speech,Dishes
Y1pwPeNfpA6g_20.000_30.000.wav	Frying,Dishes
Y1vRE3X4JUGA_90.000_100.000.wav	Frying
Y21Lcs4vTfL8_330.000_340.000.wav	Frying,Speech,Dishes
Y24MAv47JAmM_60.000_70.000.wav	Speech,Frying
Y2BNVQn48D04_130.000_140.000.wav	Speech,Frying
Y2EEC4MkIOiI_40.000_50.000.wav	Frying,Dishes
Y2ICT6R4XpG8_390.000_400.000.wav	Frying,Dishes
Y2IvlhZhAQXg_480.000_490.000.wav	Speech,Frying
Y2K9u6gFz8aU_270.000_280.000.wav	Speech,Frying
Y2UxOuJUUNYI_310.000_320.000.wav	Speech,Frying
Y2gSMufsNQKA_30.000_40.000.wav	Frying,Dishes
Y2itn7f5uqII_340.000_350.000.wav	Frying,Speech,Dishes
Y2rk3CP0wyTE_30.000_40.000.wav	Frying
Y2u1uhPJjG0E_130.000_140.000.wav	Frying,Speech,Dishes
Y31QfrApbf68_140.000_150.000.wav	Frying
Y3BDYVasyc7w_90.000_100.000.wav	Speech,Frying
Y3GzSX64mz9A_120.000_130.000.wav	Frying,Speech,Dishes
Y3JhDWx-fyrU_140.000_150.000.wav	Speech,Frying
Y3KMFLT0_1Z8_40.000_50.000.wav	Frying,Dishes
Y3T83pSxx7EY_50.000_60.000.wav	Speech,Frying
Y3W9E20sjFxU_30.000_40.000.wav	Frying,Speech
Y3Y-sGqzbkz8_70.000_80.000.wav	Frying,Speech
Y3eNWJ4Hle6Y_210.000_220.000.wav	Frying,Dishes
Y3fUx5N4E_Ns_22.000_32.000.wav	Frying
Y3oMfiHn8glc_250.000_260.000.wav	Frying,Speech
Y3vbNr_cSPCs_230.000_240.000.wav	Frying,Speech,Dishes
Y3xw-ArXjCd0_1.000_11.000.wav	Frying
Y4GNasJv6pKg_160.000_170.000.wav	Frying
Y4Io5AxwAZLg_210.000_220.000.wav	Frying,Speech,Dishes
Y4SsN6ljFgO4_380.000_390.000.wav	Speech,Frying
Y4UnxBVjWyyI_310.000_320.000.wav	Frying,Dishes
Y4bMl2MbdGFc_60.000_70.000.wav	Speech,Frying
Y4cV4T8ACLh8_290.000_300.000.wav	Frying,Speech,Dishes
Y4dYGxoFrg_U_120.000_130.000.wav	Frying,Speech,Dishes
Y4dcmUaJWEBA_250.000_260.000.wav	Speech,Frying
Y4fz0-Kx2oNs_250.000_260.000.wav	Frying
Y4n7ne-sC-JM_520.000_530.000.wav	Frying
Y4nHPpC6oGn4_100.000_110.000.wav	Frying,Speech,Dishes
Y4pk8AgcjwHI_100.000_110.000.wav	Frying,Speech,Dishes
Y4yx7AdsRAOs_0.000_10.000.wav	Frying,Speech,Dishes
Y5-P7x4FV4lg_570.000_580.000.wav	Speech,Frying
Y51O5P0FfM4s_350.000_360.000.wav	Speech,Frying
Y56DAM74mj4o_110.000_120.000.wav	Speech,Frying
Y59sY88oEnK4_270.000_280.000.wav	Frying,Speech,Dishes
Y5G6b_QWL3nY_60.000_70.000.wav	Frying
Y5K3CYm2u2zA_220.000_230.000.wav	Frying,Dishes
Y5KgFUESjAjY_30.000_40.000.wav	Speech,Frying
Y5MdrETdOmws_30.000_40.000.wav	Speech,Frying
Y5MfA-Ty5Bug_120.000_130.000.wav	Frying,Speech,Dishes
Y5NL28wdRU7w_70.000_80.000.wav	Frying,Speech,Dishes
Y5OZjjLujmW4_220.000_230.000.wav	Frying,Speech,Dishes
Y5SuhTH6E4s0_510.000_520.000.wav	Frying,Speech,Dishes
Y5XSZ28t3Er4_40.000_50.000.wav	Frying,Speech,Dishes
Y5ZQCdVfdGig_170.000_180.000.wav	Frying,Speech,Dishes
Y5Z_H9AAErB8_240.000_250.000.wav	Frying,Speech,Dishes
Y5Zlfi4rMHdA_220.000_230.000.wav	Speech,Frying
Y5cKp2I5wVnc_110.000_120.000.wav	Speech,Frying
Y5hUK9ubSMZU_300.000_310.000.wav	Frying,Speech,Dishes
Y5jGW04-qCqA_70.000_80.000.wav	Frying,Speech,Dishes
Y5jLgU3vg-JQ_30.000_40.000.wav	Frying
Y60sTmOvstX8_14.000_24.000.wav	Frying,Speech
Y621uG1-AkPg_260.000_270.000.wav	Frying,Speech,Dishes
Y63aTkG1grKA_120.000_130.000.wav	Frying,Speech,Dishes
Y68ijV_btmC0_370.000_380.000.wav	Frying
Y6DMX8gljdqU_90.000_100.000.wav	Frying,Speech,Dishes
Y6cCRuEzXIl8_410.000_420.000.wav	Frying,Speech,Dishes
Y6kG4su7eRsg_160.000_170.000.wav	Frying,Dishes
Y6nJ9zXqHerc_170.000_180.000.wav	Speech,Frying
Y6zBQwvfO958_90.000_100.000.wav	Speech,Frying
Y779sKwaX_Hc_120.000_130.000.wav	Frying
Y7BrW2OIEGE4_20.000_30.000.wav	Frying,Dishes
Y7jYmoqMkZSI_50.000_60.000.wav	Frying,Dishes
Y7n4LwRcCA6I_230.000_240.000.wav	Frying,Speech
Y7o9GQfuUR0w_30.000_40.000.wav	Speech,Frying
Y7pL3UHjTnYw_90.000_100.000.wav	Frying
Y7sWqfhE9q08_30.000_40.000.wav	Speech,Frying
Y7w_SOFgaack_70.000_80.000.wav	Speech,Frying
Y8-ZLMffhptY_280.000_290.000.wav	Speech,Frying
Y8-wMKTMviuw_180.000_190.000.wav	Speech,Frying
Y82f4N4PPYDg_70.000_80.000.wav	Frying,Speech,Dishes
Y8DVSSxR87pY_300.000_310.000.wav	Speech,Frying
Y8XVcVotWIiE_2.000_12.000.wav	Frying,Dishes
Y8Xdq4cSpwl4_90.000_100.000.wav	Frying,Speech,Dishes
Y8s70b3xf7LY_100.000_110.000.wav	Frying,Speech,Dishes
Y8sfcMZ8A3OQ_180.000_190.000.wav	Frying,Speech,Dishes
Y8wsrGjVfzQI_160.000_170.000.wav	Speech,Frying
Y923C2xEL-bY_110.000_120.000.wav	Frying,Speech,Dishes
Y94P0VLAgTb4_240.000_250.000.wav	Frying,Speech,Dishes
Y9JbcP3y9hYU_560.000_570.000.wav	Frying,Speech,Dishes
Y9KPk292No4k_140.000_150.000.wav	Speech,Frying
Y9V_qFBGs5yY_240.000_250.000.wav	Speech,Frying
Y9YO1aiPy2A4_280.000_290.000.wav	Frying,Speech
Y9_HGCP0zg-4_30.000_40.000.wav	Frying,Speech,Dishes
Y9aPbbNZGKM4_140.000_150.000.wav	Frying,Speech,Dishes
Y9bQxINhcasI_30.000_40.000.wav	Frying,Speech,Dishes
Y9iGjureW7uE_80.000_90.000.wav	Frying
Y9kMTqmnH0h8_70.000_80.000.wav	Frying,Speech,Dishes
Y9pJxCW3gGFE_120.000_130.000.wav	Frying,Dishes
Y9puiKadufhc_150.000_160.000.wav	Frying,Speech,Dishes
Y9urBm5gQ_Gs_120.000_130.000.wav	Frying,Speech
Y9vugWX2roX4_350.000_360.000.wav	Speech,Frying
Y9woSSMs77wg_160.000_170.000.wav	Frying
Y9xTGSB1Gu5k_180.000_190.000.wav	Frying,Speech,Dishes
YA-KMlW676fA_170.000_180.000.wav	Frying,Speech,Dishes
YA-ni6bLwLzs_0.000_7.000.wav	Frying
YA1vqIG8hUrA_140.000_150.000.wav	Frying,Speech,Dishes
YAXXbSozzodM_150.000_160.000.wav	Speech,Frying
YA_Ed02Fc8uI_520.000_530.000.wav	Speech,Frying
YAbj_Mr9vSF4_30.000_40.000.wav	Frying
YAcv5XdRQYUg_350.000_360.000.wav	Frying
YAiPaclfScPk_30.000_40.000.wav	Speech,Dishes
YAq9aVc38ENg_530.000_540.000.wav	Frying,Speech,Dishes
YAvtbBBUmJnY_30.000_40.000.wav	Frying,Speech,Dishes
YAxjVvxlVrB0_70.000_80.000.wav	Frying,Speech,Dishes
YB1jt_Zl16BM_140.000_150.000.wav	Frying,Speech,Dishes
YB6PFjZ09CeQ_160.000_170.000.wav	Frying,Speech,Dishes
YB7mBrG4WDFI_210.000_220.000.wav	Frying,Dishes
YB9tmpIYIBWc_40.000_50.000.wav	Frying,Dishes
YBCMH41D40C0_150.000_160.000.wav	Speech,Frying
YBKNZ1V5Vwio_190.000_200.000.wav	Frying
YBUqBatiRaS0_30.000_40.000.wav	Frying
YC0yegOHoNH8_150.000_160.000.wav	Frying,Dishes
YC61p3UzHJlc_60.000_70.000.wav	Frying
YC9RkVD1AgtU_60.000_70.000.wav	Frying
YCYsgCcBFp9M_30.000_40.000.wav	Frying,Dishes
YD5LEHkIb3pI_30.000_40.000.wav	Frying
YDK6lH3TIvvM_6.000_16.000.wav	Frying,Dishes
YEdapWc6McpE_150.000_160.000.wav	Frying,Dishes
YExjkmiWArck_380.000_390.000.wav	Frying
YFA_mtHkWx_A_350.000_360.000.wav	Frying,Dishes
YF_EGkmOEU6s_9.000_19.000.wav	Frying
YFjs4ljE0B9M_220.000_230.000.wav	Frying,Dishes
YFoAmYrmOvbU_30.000_40.000.wav	Frying
Y-TDsXxTaw2Q_520.000_530.000.wav	Dishes
Y-WEfNbZO_LE_130.000_140.000.wav	Dishes
Y-YLpD1UW8qU_0.000_10.000.wav	Dishes
Y-hWRLlRjetY_10.000_20.000.wav	Dishes
Y-xyHS0dJ3R8_190.000_200.000.wav	Dishes
Y074nzzlXf_g_70.000_80.000.wav	Dishes
Y0r2OVHasER0_140.000_150.000.wav	Dishes
Y1Ulak3dMnGU_18.000_28.000.wav	Dishes
Y1h5vQr1yu2E_100.000_110.000.wav	Dishes
Y1hL4MSPzMZ0_270.000_280.000.wav	Dishes,Frying
Y1lqdBjdJgWg_50.000_60.000.wav	Dishes
Y2MwW5vQm4wI_210.000_220.000.wav	Dishes
Y2RQQORu0diE_60.000_70.000.wav	Dishes
Y2b7NoEYo56g_80.000_90.000.wav	Dishes
Y2dZ7ZV3vK28_30.000_40.000.wav	Dishes
Y2hahuIUm410_40.000_50.000.wav	Dishes
Y2p230m8MT0I_60.000_70.000.wav	Dishes
Y2qXtaTZdvrY_20.000_30.000.wav	Dishes
Y2tJYLjtQQjM_170.000_180.000.wav	Dishes
Y32V6Gv7S6mA_50.000_60.000.wav	Dishes
Y4FdTwg1jmAk_2.000_12.000.wav	Dishes
Y4QbTi4xcuVY_30.000_40.000.wav	Dishes
Y4RPbOWqEeVk_310.000_320.000.wav	Dishes
Y4SDfWBgrXVM_10.000_20.000.wav	Dishes
Y4XoQgeO26Ls_0.000_9.000.wav	Dishes
Y4fti1n2kmss_10.000_20.000.wav	Dishes
Y4vjsxKB1d5o_310.000_320.000.wav	Dishes
Y5D2UdmWOipI_10.000_20.000.wav	Dishes
Y69VgW9hZ1jc_190.000_200.000.wav	Dishes
Y6faPFBUvXh0_200.000_210.000.wav	Dishes
Y6hpAs8vJOow_70.000_80.000.wav	Dishes
Y75Ro0rRqJdg_50.000_60.000.wav	Dishes
Y7C4HntU8OzA_0.000_10.000.wav	Dishes
Y7WlRADYl44I_30.000_40.000.wav	Dishes
Y8GFntf9pr2M_120.000_130.000.wav	Dishes
Y9A1Sm-1KEqo_190.000_200.000.wav	Dishes
Y9SRUFh4J-9Y_80.000_90.000.wav	Dishes
Y9lBCoB8g7fU_20.000_30.000.wav	Dishes
Y9rjQjEg-XV0_0.000_7.000.wav	Dishes
Y9wQaQJq0Aok_100.000_110.000.wav	Dishes
YBNUpvKtFrlM_380.000_390.000.wav	Dishes
Y-6n82E5zyuY_70.000_80.000.wav	Alarm_bell_ringing
Y-kJT_nUHinA_50.000_60.000.wav	Alarm_bell_ringing
Y0j1-0Y6lGck_120.000_130.000.wav	Alarm_bell_ringing,Speech
Y2GQHZpe5yjA_50.000_60.000.wav	Alarm_bell_ringing
Y3bfLx0v2z_M_10.000_20.000.wav	Alarm_bell_ringing
Y3jlZEJBFJWQ_220.000_230.000.wav	Alarm_bell_ringing
Y54tr1EdazoQ_0.000_10.000.wav	Alarm_bell_ringing
Y5CYK7AKivDo_180.000_190.000.wav	Alarm_bell_ringing
Y61X1X_LmORw_90.000_100.000.wav	Alarm_bell_ringing,Speech
Y6Q2pEz4dH9o_190.000_200.000.wav	Alarm_bell_ringing
Y6TkcupyZ5Fo_50.000_60.000.wav	Alarm_bell_ringing
Y73BZrwK0WG4_10.000_20.000.wav	Alarm_bell_ringing
Y79rmTWPTE4k_20.000_30.000.wav	Alarm_bell_ringing,Alarm_bell_ringing
Y84DPXuqLmPU_10.000_20.000.wav	Alarm_bell_ringing
Y8eEE_7vieA4_60.000_70.000.wav	Alarm_bell_ringing
Y8qft_Gz8pbI_40.000_50.000.wav	Alarm_bell_ringing,Speech
Y94sZbMbYJu0_200.000_210.000.wav	Alarm_bell_ringing
Y9h5ROryAOB8_30.000_40.000.wav	Alarm_bell_ringing
Y9it7TG54R7o_20.000_30.000.wav	Alarm_bell_ringing
YAdC7VM5iayo_30.000_40.000.wav	Alarm_bell_ringing
YBbe0SLalfds_300.000_310.000.wav	Alarm_bell_ringing
YBv7HaboieiI_30.000_40.000.wav	Alarm_bell_ringing
YCYgCdPSDuLU_30.000_40.000.wav	Alarm_bell_ringing,Speech
YDKIzFmeudjY_10.000_20.000.wav	Alarm_bell_ringing
YDvo5gaHHMss_60.000_70.000.wav	Alarm_bell_ringing
YDxl06F35zRU_190.000_200.000.wav	Alarm_bell_ringing
YEzPcuNoSHMM_100.000_110.000.wav	Alarm_bell_ringing,Speech
YFkxerJFHgwk_30.000_40.000.wav	Alarm_bell_ringing
YFuWDfaQjbvs_100.000_110.000.wav	Alarm_bell_ringing
YG9THIahRtIg_30.000_40.000.wav	Alarm_bell_ringing
YIJCt1QRXB2c_10.000_20.000.wav	Alarm_bell_ringing
YINo6GZA4JmI_30.000_40.000.wav	Alarm_bell_ringing
YImI6wq8MZHI_30.000_40.000.wav	Alarm_bell_ringing
YJUfqY02LE8o_30.000_40.000.wav	Alarm_bell_ringing
YK_nRJ9wSrJo_230.000_240.000.wav	Alarm_bell_ringing
YKlhaNw2GOdI_30.000_40.000.wav	Alarm_bell_ringing
YLUXsrbkMXAo_30.000_40.000.wav	Alarm_bell_ringing,Speech
YMAKDYhkqEuM_30.000_40.000.wav	Alarm_bell_ringing
YMU-mjwNA8WA_10.000_20.000.wav	Alarm_bell_ringing
YNc2S-9oUB8M_70.000_80.000.wav	Alarm_bell_ringing
YNuua5ODd_fU_50.000_60.000.wav	Alarm_bell_ringing,Speech
YP4qAI2r1p-Y_20.000_30.000.wav	Alarm_bell_ringing,Speech
YP91WX58Lmy0_30.000_40.000.wav	Alarm_bell_ringing,Speech
YP_LNQaKzuik_20.000_30.000.wav	Alarm_bell_ringing
YPaTwyzQDgmU_70.000_80.000.wav	Alarm_bell_ringing
YPti94mTT8SY_30.000_40.000.wav	Alarm_bell_ringing
YQSgqjJ2iglM_30.000_40.000.wav	Alarm_bell_ringing
YRMfA-0f-aDk_12.000_22.000.wav	Alarm_bell_ringing
YTZmFozrJ7BE_20.000_30.000.wav	Alarm_bell_ringing
YTau23jfxRV0_2.000_12.000.wav	Alarm_bell_ringing
YTx8HKkQEPrc_10.000_20.000.wav	Alarm_bell_ringing
YU4nhmciONvk_20.000_30.000.wav	Alarm_bell_ringing
YUtFWit1DrMk_0.000_10.000.wav	Alarm_bell_ringing
YVbPjWw7pRzo_230.000_240.000.wav	Alarm_bell_ringing
YWQsD5BeHcVM_80.000_90.000.wav	Alarm_bell_ringing
YWpaOXMCen7s_0.000_10.000.wav	Alarm_bell_ringing
YWvGEDbhCAps_0.000_10.000.wav	Alarm_bell_ringing
YWzt30lCBGHs_60.000_70.000.wav	Alarm_bell_ringing,Speech
YX6U476H2pWw_20.000_30.000.wav	Alarm_bell_ringing
YXOxXhQAmuYM_110.000_120.000.wav	Alarm_bell_ringing
Y3Q4BXiy1O4M_130.000_140.000.wav	Alarm_bell_ringing
Y-Jnns0s8q2g_22.000_32.000.wav	Alarm_bell_ringing,Speech
Y-ZgUXgJn4U0_0.000_10.000.wav	Alarm_bell_ringing
Y-pP61DogSPY_30.000_40.000.wav	Alarm_bell_ringing
Y0F1zmrJb1tI_30.000_40.000.wav	Alarm_bell_ringing,Speech
Y0FS8b5CAMp8_150.000_160.000.wav	Alarm_bell_ringing,Speech
Y0IkRggWmlfo_0.000_10.000.wav	Alarm_bell_ringing,Speech
Y17cA4Gv1BZY_220.000_230.000.wav	Alarm_bell_ringing
Y1Iv2NfqIrS4_21.000_31.000.wav	Alarm_bell_ringing
Y1bmyWAIQ8kU_60.000_70.000.wav	Alarm_bell_ringing,Speech
Y20ARmYU0v4I_10.000_20.000.wav	Alarm_bell_ringing
Y2Lr0D12vRyc_20.000_30.000.wav	Alarm_bell_ringing
Y2MXgZDIhMBE_140.000_150.000.wav	Alarm_bell_ringing
Y2VQtwvIo8qs_470.000_480.000.wav	Alarm_bell_ringing,Speech
Y2Y0T7yIvKsk_50.000_60.000.wav	Alarm_bell_ringing,Speech
Y2rDDBfzFoFE_270.000_280.000.wav	Alarm_bell_ringing,Speech
Y32j2ljoJnrs_30.000_40.000.wav	Alarm_bell_ringing,Speech
Y3DRjPtu_lPs_1.000_11.000.wav	Alarm_bell_ringing
Y3YRHXBx7M-o_0.000_10.000.wav	Alarm_bell_ringing
Y3faRdcvQG4c_0.000_10.000.wav	Alarm_bell_ringing
Y3wFAf6wVAVM_100.000_110.000.wav	Alarm_bell_ringing
Y3za58UBL5rE_0.000_10.000.wav	Alarm_bell_ringing
Y4CKQdo1ppjs_0.000_10.000.wav	Alarm_bell_ringing
Y4GpYhHH7V7g_7.000_17.000.wav	Alarm_bell_ringing
Y4UOZhV_zU0g_0.000_10.000.wav	Alarm_bell_ringing,Speech
Y5CQxRy_KRLg_170.000_180.000.wav	Alarm_bell_ringing
Y5c5Xz7mbQcA_20.000_30.000.wav	Alarm_bell_ringing,Speech
Y5vgZPDEI0Xo_130.000_140.000.wav	Alarm_bell_ringing,Speech
Y6AIQWsPfoVg_50.000_60.000.wav	Alarm_bell_ringing
Y6Tc-PG_aE9k_0.000_10.000.wav	Alarm_bell_ringing
Y6mZSpGpIy-M_0.000_10.000.wav	Alarm_bell_ringing
Y7aaCPJACSg4_6.000_16.000.wav	Alarm_bell_ringing
Y7kSLOXodo5Y_20.000_30.000.wav	Alarm_bell_ringing
Y8ElgFfdm3I4_30.000_40.000.wav	Alarm_bell_ringing
Y8FOSukeEmlI_0.000_10.000.wav	Alarm_bell_ringing
Y8l_rjIsUzdQ_16.000_26.000.wav	Alarm_bell_ringing
Y8mOksvfiImI_130.000_140.000.wav	Alarm_bell_ringing,Speech
Y9MOOm2UWqg4_90.000_100.000.wav	Alarm_bell_ringing,Speech
Y9a9wO2zHK_0_20.000_30.000.wav	Alarm_bell_ringing
YAeqkD4U_KvU_90.000_100.000.wav	Alarm_bell_ringing
YBIMZ4xizgBc_0.000_10.000.wav	Alarm_bell_ringing
YC08BB39CkeU_0.000_10.000.wav	Alarm_bell_ringing
YCSkW8JWWITY_0.000_5.000.wav	Alarm_bell_ringing
YCeyeVxQTXts_12.000_22.000.wav	Alarm_bell_ringing
YDN0gNwt-XuM_140.000_150.000.wav	Alarm_bell_ringing,Speech
YDWZjGH0sXXU_30.000_40.000.wav	Alarm_bell_ringing
YEZolNzNjcEs_50.000_60.000.wav	Alarm_bell_ringing,Speech
YEbMfK3MVPYU_0.000_10.000.wav	Alarm_bell_ringing
YF56fFsSYrj8_0.000_10.000.wav	Alarm_bell_ringing
YFLTWUsc03mg_120.000_130.000.wav	Alarm_bell_ringing,Speech
YFP1l5Q2DnHU_270.000_280.000.wav	Alarm_bell_ringing,Speech
YFc3GdhovCpQ_0.000_9.000.wav	Alarm_bell_ringing,Speech
YFf-LWu7Eyag_40.000_50.000.wav	Alarm_bell_ringing,Speech
YFl6VgLJBfZI_10.000_20.000.wav	Alarm_bell_ringing
YH0Y9Qmjdtrw_60.000_70.000.wav	Alarm_bell_ringing,Speech
YHN8v2mMMc9c_30.000_40.000.wav	Alarm_bell_ringing
YHgNqeUAvbVI_10.000_20.000.wav	Alarm_bell_ringing,Speech
YJPtjelwyiyY_280.000_290.000.wav	Alarm_bell_ringing,Speech
YK9GDTXuoqp4_14.000_24.000.wav	Alarm_bell_ringing
YKXzsUM_hd04_30.000_40.000.wav	Alarm_bell_ringing
YL-shyM-lAF4_70.000_80.000.wav	Alarm_bell_ringing
YL2YkwcKaus4_30.000_40.000.wav	Alarm_bell_ringing
Y17xCyq_4wvs_440.000_450.000.wav	Dishes
YTSnq6n8tElo_0.000_10.000.wav	Dishes
Yg42ecK_5Ql4_30.000_40.000.wav	Dishes,Speech
YdnFtHhbyprM_60.000_70.000.wav	Dishes
YiUMViXPOP78_130.000_140.000.wav	Dishes
Y7yeWLEus7OI_80.000_90.000.wav	Electric_shaver_toothbrush
Y-l8PxqOuQno_440.000_450.000.wav	Electric_shaver_toothbrush
Y0d8_1lfiU0Q_90.000_100.000.wav	Electric_shaver_toothbrush,Speech
Y0ny3NV1LczM_0.000_10.000.wav	Electric_shaver_toothbrush,Speech
Y0uX3T48TZ-o_0.000_10.000.wav	Electric_shaver_toothbrush
Y10ka4Hi5ulc_190.000_200.000.wav	Electric_shaver_toothbrush,Speech
Y15MHODWgCm0_460.000_470.000.wav	Electric_shaver_toothbrush,Speech
Y1C0KmX3qjOI_80.000_90.000.wav	Electric_shaver_toothbrush
Y1VPLtD6f3ww_200.000_210.000.wav	Electric_shaver_toothbrush,Speech
Y2cVWhokonSg_250.000_260.000.wav	Electric_shaver_toothbrush
Y4Ej40iHrA-Q_300.000_310.000.wav	Electric_shaver_toothbrush,Speech
Y4iAdrVeCMZg_120.000_130.000.wav	Electric_shaver_toothbrush
Y4nOZGodjdJQ_450.000_460.000.wav	Electric_shaver_toothbrush,Speech
Y4qVqsHqlAfU_50.000_60.000.wav	Electric_shaver_toothbrush
Y5FNOfXHPtL8_110.000_120.000.wav	Electric_shaver_toothbrush,Speech
Y5P5Hw47eHq0_70.000_80.000.wav	Electric_shaver_toothbrush
Y6pgLixTKuLk_0.000_10.000.wav	Electric_shaver_toothbrush
Y6qa2gp8O9FA_10.000_20.000.wav	Electric_shaver_toothbrush
Y74H2THUDZTo_130.000_140.000.wav	Electric_shaver_toothbrush
Y7mvN10Zo2mg_180.000_190.000.wav	Electric_shaver_toothbrush
Y7yj_qBopdZU_100.000_110.000.wav	Electric_shaver_toothbrush,Speech
Y8_H6Pxw2hdI_80.000_90.000.wav	Electric_shaver_toothbrush
Y8zgQgREF1rA_210.000_220.000.wav	Electric_shaver_toothbrush,Speech
Y948s7w-mFs8_460.000_470.000.wav	Electric_shaver_toothbrush
Y9TAqtOkm1oY_20.000_30.000.wav	Electric_shaver_toothbrush
Y9UREnfaEBIs_180.000_190.000.wav	Electric_shaver_toothbrush,Speech
Y9vnCi8nepzY_10.000_20.000.wav	Electric_shaver_toothbrush
YAaeemnJDijQ_300.000_310.000.wav	Electric_shaver_toothbrush,Speech
YClD5nZPCYpo_340.000_350.000.wav	Electric_shaver_toothbrush
YDJ67WIInEfQ_190.000_200.000.wav	Electric_shaver_toothbrush
YDshGlHW-Gso_470.000_480.000.wav	Electric_shaver_toothbrush
YE2Wz2m4OnNc_320.000_330.000.wav	Electric_shaver_toothbrush,Speech
YEsPtgM0aEtI_90.000_100.000.wav	Electric_shaver_toothbrush
YG-HHDd9iGBk_0.000_10.000.wav	Electric_shaver_toothbrush,Speech
YGH_MVIMQFHM_0.000_10.000.wav	Electric_shaver_toothbrush
YIISdb2xY1c8_70.000_80.000.wav	Electric_shaver_toothbrush
YIM7fC7cC-0s_90.000_100.000.wav	Electric_shaver_toothbrush,Speech
YJuRJ472fUnk_100.000_110.000.wav	Electric_shaver_toothbrush,Speech
YLWzfyt3e5Z8_40.000_50.000.wav	Electric_shaver_toothbrush,Speech
YMGDY9Vzb7aU_320.000_330.000.wav	Electric_shaver_toothbrush,Speech
YN3K9gKi72D8_0.000_10.000.wav	Electric_shaver_toothbrush
YOggnKrdzaQw_110.000_120.000.wav	Electric_shaver_toothbrush,Speech
YPmxd_5MzMOU_360.000_370.000.wav	Electric_shaver_toothbrush,Speech
YPuKbruzBgtQ_120.000_130.000.wav	Electric_shaver_toothbrush
YQ82Zx2To3p0_274.000_284.000.wav	Electric_shaver_toothbrush,Speech
YRKJ92g6Rlbg_50.000_60.000.wav	Electric_shaver_toothbrush
YS6J_TBsr60w_60.000_70.000.wav	Electric_shaver_toothbrush,Speech
YSfkcX840S7E_340.000_350.000.wav	Electric_shaver_toothbrush,Speech
YTJQ2QmTpdiY_290.000_300.000.wav	Electric_shaver_toothbrush
YTysWRPM860E_360.000_370.000.wav	Electric_shaver_toothbrush,Speech
YUOQK9dEKpwU_30.000_40.000.wav	Electric_shaver_toothbrush,Speech
YV0ML6ZWxKtY_30.000_40.000.wav	Electric_shaver_toothbrush,Running_water,Speech
YVvDxsU8fX-Y_70.000_80.000.wav	Electric_shaver_toothbrush,Speech
YWYOZOVeL38I_400.000_410.000.wav	Electric_shaver_toothbrush,Speech
YWwwwbUrBLbQ_180.000_190.000.wav	Electric_shaver_toothbrush,Speech
YXkhekLeZL0Q_120.000_130.000.wav	Electric_shaver_toothbrush,Speech
YXlFk0McqRS0_230.000_240.000.wav	Electric_shaver_toothbrush,Speech
Yhtox2pJ-XVs_190.000_200.000.wav	Blender,Dishes,Speech
Y-3k1Xl7eriw_140.000_150.000.wav	Blender,Speech
Y-5SglSseBko_180.000_190.000.wav	Blender
Y-6XpcYja_QQ_210.000_220.000.wav	Blender,Speech
Y-BvlRNfCz1w_50.000_60.000.wav	Blender,Speech
Y-EvFB12zCk8_30.000_40.000.wav	Blender
Y-H8nh3Z1__M_170.000_180.000.wav	Blender,Speech
Y-HyhSn6rU8A_100.000_110.000.wav	Blender
Y-T5KPWf0llU_110.000_120.000.wav	Blender,Speech
Y-_UM0h1qcBM_40.000_50.000.wav	Blender
Y-aHF0scCGc4_470.000_480.000.wav	Blender,Speech,Dishes
Y-fy0rQoumZ0_230.000_240.000.wav	Blender
Y-ghB9TOCBR8_50.000_60.000.wav	Blender
Y-klrkvfrYXU_70.000_80.000.wav	Blender
Y-rQOBpBoyXw_220.000_230.000.wav	Blender,Speech
Y-toGk_oBULM_330.000_340.000.wav	Blender,Speech
Y-uIrOdeAZbQ_10.000_20.000.wav	Blender
Y0R06GmUsGww_40.000_50.000.wav	Blender
Y0Tt-SGltms0_480.000_490.000.wav	Blender,Speech
Y0XURSgwK0VA_210.000_220.000.wav	Blender,Speech
Y0_zh25VgrPY_50.000_60.000.wav	Blender
Y0hy1fvEH4Zs_30.000_40.000.wav	Blender,Speech
Y0kLEZglWPAI_230.000_240.000.wav	Blender
Y0oQT-Cbz6D0_60.000_70.000.wav	Blender,Speech
Y0yFZ4mGgqgk_90.000_100.000.wav	Blender,Speech
Y10orprocVRw_360.000_370.000.wav	Blender,Speech
Y16YYTRJavNE_110.000_120.000.wav	Blender,Speech
Y1GUZ1qlXK8M_70.000_80.000.wav	Blender,Speech
Y1MMFztEi-Hk_240.000_250.000.wav	Blender,Speech
Y1f4p0vedfI8_220.000_230.000.wav	Blender,Speech
Y1j3EdSOu7ME_30.000_40.000.wav	Blender
Y1np6pFWeYNE_200.000_210.000.wav	Blender,Speech
Y1vXVjlZlCf4_30.000_40.000.wav	Blender,Speech
Y2EoNTqlwPi0_90.000_100.000.wav	Blender,Speech
Y2HKrcHOigTU_130.000_140.000.wav	Blender,Speech
Y2P_Yh66CIhY_20.000_30.000.wav	Blender,Running_water
Y2U6WeaRLEds_140.000_150.000.wav	Blender,Speech
Y2X6NE7dA1vw_200.000_210.000.wav	Blender,Speech
Y2aPtGGf0AEg_290.000_300.000.wav	Blender,Speech
Y2njW17xoQHY_40.000_50.000.wav	Blender,Speech
Y2sX5a11I5UQ_480.000_490.000.wav	Blender,Speech
Y2tX_nAyRSp0_130.000_140.000.wav	Blender
Y3EJ5Yf5hkx0_150.000_160.000.wav	Blender,Speech
Y3KRWwv1B1bc_130.000_140.000.wav	Blender
Y3Y-bKlz6yDY_340.000_350.000.wav	Blender,Speech
Y3aau8XlZ6rk_110.000_120.000.wav	Blender,Speech
Y3rn-t1PF84A_80.000_90.000.wav	Blender,Speech
Y3sNrNlVxMu8_110.000_120.000.wav	Blender
Y4Q37R8tiQUo_370.000_380.000.wav	Blender,Speech
Y4Xvbqxv8DTg_330.000_340.000.wav	Blender
Y4_yLxXvtm9s_90.000_100.000.wav	Blender
Y4aeWOVHDPoU_580.000_590.000.wav	Blender,Speech
Y4h1GQECU4GM_330.000_340.000.wav	Blender
Y4nm2U07swz0_40.000_50.000.wav	Blender,Speech,Dishes
Y4qcrawQOVTM_260.000_270.000.wav	Blender,Speech
Y4sHNykqZDNE_10.000_20.000.wav	Blender
Y4uuGBWihU3g_100.000_110.000.wav	Blender
Y4xIq6W9b4jY_60.000_70.000.wav	Blender,Speech
Y52dupxkQbFo_260.000_270.000.wav	Blender,Speech
Y558YuvyAoao_50.000_60.000.wav	Blender,Speech
Y56hglfxZmSA_200.000_210.000.wav	Blender
Y57L82bDE3qw_360.000_370.000.wav	Blender
Y585sVgKWYHg_130.000_140.000.wav	Blender
Y5EZwT9M5pSA_60.000_70.000.wav	Blender
Y5IDCyA2GDgs_30.000_40.000.wav	Blender
Y5S85tBSOyWE_170.000_180.000.wav	Blender,Speech
Y5VRQeBUWq6Y_50.000_60.000.wav	Blender,Speech
Y5dI6uTc-ELo_240.000_250.000.wav	Blender,Speech
Y5fg4OOQEHgA_40.000_50.000.wav	Blender
Y5ioGzyY8bU0_130.000_140.000.wav	Blender,Speech
Y5mRrha-NzhY_250.000_260.000.wav	Blender,Speech
Y5rq2cNIJjDY_100.000_110.000.wav	Blender,Speech
Y5ySPLstciNg_130.000_140.000.wav	Blender,Speech
Y65IrP6p0D0w_40.000_50.000.wav	Blender,Speech
Y69HgDj5ObUE_380.000_390.000.wav	Blender,Speech
Y6EeyngaELKA_0.000_10.000.wav	Blender
Y6Jec5pP8JKQ_70.000_80.000.wav	Blender
Y6P6a4R2uZFI_10.000_20.000.wav	Blender,Speech
Y6RdolW1mrGY_60.000_70.000.wav	Blender,Speech
Y6_ADEY85YME_110.000_120.000.wav	Blender
Y6fxpVuxEHW4_380.000_390.000.wav	Blender
Y6giZCLr_kHQ_110.000_120.000.wav	Blender,Speech
Y6i7qgb6DDEw_350.000_360.000.wav	Blender,Speech
Y79se-Y2lBQ8_50.000_60.000.wav	Blender,Speech
Y7LPUszo1Iik_50.000_60.000.wav	Blender
Y7wi2e54glEM_180.000_190.000.wav	Blender,Speech
Y7zXcQDhtZDs_210.000_220.000.wav	Blender,Speech
Y83Txe5EAijU_260.000_270.000.wav	Blender,Speech
Y8FdSTXcdd_I_90.000_100.000.wav	Blender,Speech
Y8KuJppQ-eYo_60.000_70.000.wav	Blender
Y8ULJxyCGIDo_130.000_140.000.wav	Blender,Speech
Y8ajbjZHEE84_30.000_40.000.wav	Blender,Speech
Y8sVHU5ZS5zA_30.000_40.000.wav	Blender,Speech
Y8vH-7eaPSuQ_110.000_120.000.wav	Blender,Speech
Y8xGTYSfiOho_70.000_80.000.wav	Blender
Y90WHXVizpa4_560.000_570.000.wav	Blender,Speech
Y99OwHVyV-TU_110.000_120.000.wav	Blender
Y99cwh996lpU_540.000_550.000.wav	Blender,Speech
Y9Bac9Hg6ix8_200.000_210.000.wav	Blender,Speech
Y9F8Ea-D4s2s_350.000_360.000.wav	Blender,Speech
Y9QYrSEuK2y8_80.000_90.000.wav	Blender
Y9fp-9qML6j0_0.000_10.000.wav	Blender
Y9wjb1AfkAns_230.000_240.000.wav	Blender
YAhopgeu0JLY_60.000_70.000.wav	Blender,Speech
YAuM1rU__KQA_360.000_370.000.wav	Blender
YB40LYUDQXsI_220.000_230.000.wav	Blender,Speech
YB4d09kEOrS0_40.000_50.000.wav	Blender
YB6ggNg0zh7g_50.000_60.000.wav	Blender,Speech
YBi6KCe9AM30_150.000_160.000.wav	Blender,Speech,Dishes
YBkUdwj5JR0Q_20.000_30.000.wav	Blender,Speech
YBma1LAXdxoI_80.000_90.000.wav	Blender
YBr8Rn5iN8ko_80.000_90.000.wav	Blender,Speech
YBuYLhXrknLc_60.000_70.000.wav	Blender,Speech
YBwJgOCnwsA8_80.000_90.000.wav	Blender,Speech
YC2ZwwKIThvU_10.000_20.000.wav	Blender
YC6G6Clcqhvs_170.000_180.000.wav	Blender
YC8NPjvCLGak_20.000_30.000.wav	Blender
YC8obKwBa33A_40.000_50.000.wav	Blender,Speech,Dishes
YC9cqgHZeGxo_170.000_180.000.wav	Blender,Speech
YCFyKc5-3BF0_420.000_430.000.wav	Blender,Speech
YCG6PGt5GazM_0.000_10.000.wav	Blender
YCH4_LVdfV8Q_30.000_40.000.wav	Blender,Speech
YCKZ6cyVKQEw_120.000_130.000.wav	Blender,Speech
YCNRLrz9xUwY_30.000_40.000.wav	Blender,Speech
YCYLZnd9SB7Y_40.000_50.000.wav	Blender
YCePd0H0KpUU_30.000_40.000.wav	Blender
YDJ1T9Es0htI_310.000_320.000.wav	Blender,Speech
YDLFIy38xCB8_150.000_160.000.wav	Blender,Speech
YDgElEEFPRaE_570.000_580.000.wav	Blender
YDoW-vPhJbK4_60.000_70.000.wav	Blender,Speech
YDptBcsuywGc_90.000_100.000.wav	Blender,Speech
YDvgyFP7jxh4_70.000_80.000.wav	Blender,Speech
YDvntfZKOkFg_70.000_80.000.wav	Blender,Speech
YDxLsuLSwPXg_40.000_50.000.wav	Blender,Speech
Y--L9-DQKtlk_250.000_260.000.wav	Running_water,Speech
Y-0RUcq5tkNU_60.000_70.000.wav	Running_water,Speech
Y-tF2I8HmsHg_0.000_10.000.wav	Running_water,Speech,Dog
Y-dpI6JsEyLs_370.000_380.000.wav	Running_water,Dishes
Y3MvZNrzT_yY_230.000_240.000.wav	Running_water,Dishes,Speech
Y_M6meJksXGE_70.000_80.000.wav	Running_water,Dishes
YJlR9YiI_Spo_30.000_40.000.wav	Running_water,Speech
YOFPWxYhuqkM_30.000_40.000.wav	Running_water
Y-64ZmjOBlE8_20.000_30.000.wav	Running_water
Y-JP_MEol_8I_60.000_70.000.wav	Running_water,Speech
Y-SxC_hWxr8E_80.000_90.000.wav	Running_water
Y-ZZ16CynYAU_40.000_50.000.wav	Running_water
Y-_SpAZLpoWw_130.000_140.000.wav	Running_water,Speech
Y-yJiF8j1mBg_40.000_50.000.wav	Running_water,Speech
Y0-_qA6N0U0U_130.000_140.000.wav	Running_water,Speech
Y0UMoM9GT5Ws_100.000_110.000.wav	Running_water
Y0aFcKmzH5uM_70.000_80.000.wav	Running_water,Speech
Y0cnz5UnKhVQ_20.000_30.000.wav	Running_water,Speech
Y0dGRxCpfAAU_330.000_340.000.wav	Running_water,Speech
Y0efD01_zD8o_20.000_30.000.wav	Running_water,Dishes
Y0m3vVvKpVQg_0.000_10.000.wav	Running_water
Y102JJRQMSWI_330.000_340.000.wav	Running_water,Speech
Y154QbSZVTgw_30.000_40.000.wav	Running_water,Speech
Y1Q2KE92L738_40.000_50.000.wav	Running_water
Y1WI4qtcajVE_60.000_70.000.wav	Running_water
Y1g_Q4M0-2Wk_300.000_310.000.wav	Running_water,Speech
Y1kBcy6e8C6U_10.000_20.000.wav	Running_water,Speech
Y1l2JCxeQzz8_190.000_200.000.wav	Running_water,Speech
Y1oHc2z4CcQE_170.000_180.000.wav	Running_water,Speech
Y1xXFh-z674c_0.000_10.000.wav	Running_water
Y28RybnaaruE_40.000_50.000.wav	Running_water,Speech
Y2A0V2P_k54o_140.000_150.000.wav	Running_water
Y2Cwb4A7_BKU_520.000_530.000.wav	Running_water,Speech
Y2UEONa82Uqc_440.000_450.000.wav	Running_water,Speech
Y2aOxQ7yhhcs_490.000_500.000.wav	Running_water,Speech
Y2az5_nabV6Q_280.000_290.000.wav	Running_water
Y2evVhUh-lHI_50.000_60.000.wav	Running_water
Y2j5WqXOAQFc_290.000_300.000.wav	Running_water,Speech
Y2lpy_JOBHLM_150.000_160.000.wav	Running_water,Speech
Y2nKHeUk3hc4_280.000_290.000.wav	Running_water,Speech
Y2nW29N2td3w_10.000_20.000.wav	Running_water
Y32YmhSSVU4U_30.000_40.000.wav	Running_water
Y34LsZwq04uo_190.000_200.000.wav	Running_water,Speech
Y37zZvSkYhO4_0.000_10.000.wav	Running_water,Speech
Y3HO5aMVbsRI_210.000_220.000.wav	Running_water,Speech
Y3vphosRD_Uk_40.000_50.000.wav	Running_water
Y4BDeI3b0Nyc_40.000_50.000.wav	Running_water
Y4O6LOE7kQJA_240.000_250.000.wav	Running_water,Speech
Y4kT1BaFHza0_50.000_60.000.wav	Running_water
Y4n7O0dJ3pmE_0.000_10.000.wav	Running_water
Y5aE_ARYhtgY_30.000_40.000.wav	Running_water
Y5hRL4oBRP7E_10.000_20.000.wav	Running_water
Y5yFBvLbq1XA_30.000_40.000.wav	Running_water
Y6IfLsA7TAyE_30.000_40.000.wav	Running_water
Y6UDbuFKXaR0_10.000_20.000.wav	Running_water
Y6UgKM2GQR-I_20.000_30.000.wav	Running_water,Speech
Y6nxejjU5uP0_50.000_60.000.wav	Running_water
Y71cT7xAs4VI_50.000_60.000.wav	Running_water,Speech
Y72_3uEVpP1k_140.000_150.000.wav	Running_water,Speech
Y7kdT0XUlUR4_120.000_130.000.wav	Running_water,Speech
Y7p46zniZmQo_150.000_160.000.wav	Running_water
Y8-8j3bdea70_240.000_250.000.wav	Running_water,Speech
Y8FNGAEJom4k_70.000_80.000.wav	Running_water
Y8X4RhPRTYQk_220.000_230.000.wav	Running_water,Running_water
Y8fhjIpCeRs8_30.000_40.000.wav	Running_water
Y8hL72rmg56U_50.000_60.000.wav	Running_water,Speech
Y966jA2-z0mQ_340.000_350.000.wav	Running_water,Speech
Y990kimBvy1U_100.000_110.000.wav	Running_water
Y9aN9xCyWw8Q_190.000_200.000.wav	Running_water
Y9fLNaTP3gps_10.000_20.000.wav	Running_water
Y9mZZGZzzZvg_190.000_200.000.wav	Running_water,Speech
YAZmZ6kfHm1M_10.000_20.000.wav	Running_water
YAa_maNDcSOw_510.000_520.000.wav	Running_water
YAjGA2F4q6uk_470.000_480.000.wav	Running_water,Speech
YArSkEp-eSGA_30.000_40.000.wav	Running_water,Speech
YAxt_nGcrTR8_500.000_510.000.wav	Running_water
YBHzi0r-mghI_30.000_40.000.wav	Running_water,Speech
YBKSjAQdCpHQ_60.000_70.000.wav	Running_water,Speech
YBMDKkCbuzhg_260.000_270.000.wav	Running_water,Speech
YBSUZp6JIM38_160.000_170.000.wav	Running_water
YBbFqr4n4IZA_120.000_130.000.wav	Running_water,Speech
YC418nNoQeeA_220.000_230.000.wav	Running_water,Speech
YC6Ljue5PzIU_240.000_250.000.wav	Running_water
YC7Cf1q11zRw_530.000_540.000.wav	Running_water,Speech
YCAPCNEViaeo_30.000_40.000.wav	Running_water
YDC9p-KcYyPE_100.000_110.000.wav	Running_water,Speech
YDMtxOWGoerQ_400.000_410.000.wav	Running_water,Dishes
YDPHu5KujHNc_70.000_80.000.wav	Running_water
YDanK-ZvjgN4_0.000_4.000.wav	Running_water
YDgFHRdGc8uQ_20.000_30.000.wav	Running_water
YDzsmK2kM-5U_30.000_40.000.wav	Running_water,Speech
YEDAJyMTNzdU_0.000_10.000.wav	Running_water
YEF8kEq-kgWE_220.000_230.000.wav	Running_water,Speech
YEskIddwvxxk_510.000_520.000.wav	Running_water,Speech
YF86r24n2tRg_30.000_40.000.wav	Running_water,Speech
YFBmIdVwK4d4_90.000_100.000.wav	Running_water
YFRho6fbN91k_410.000_420.000.wav	Running_water
YFfKGh8AIuSQ_220.000_230.000.wav	Running_water,Speech
YFmhReQEt-eg_30.000_40.000.wav	Running_water
YFofzmaOwL9I_20.000_30.000.wav	Running_water
YGCETAb5PT7I_0.000_10.000.wav	Running_water
YGaVEjL__sc8_40.000_50.000.wav	Running_water
YGr8s4MZs0Fo_110.000_120.000.wav	Running_water,Speech
YGx_Tfbrmfvs_80.000_90.000.wav	Running_water
YHOPPuIFvAqs_30.000_40.000.wav	Running_water
YHZ2E6E_9Im8_60.000_70.000.wav	Running_water,Speech
YH_KNJ52nAiM_0.000_10.000.wav	Running_water
YHclaeqlHtAI_450.000_460.000.wav	Running_water,Speech
YHgAWCQ5fvaY_30.000_40.000.wav	Running_water
YI1Qr1n4gyik_150.000_160.000.wav	Running_water
YIBZM13fbFHI_150.000_160.000.wav	Running_water
YIWO1f7E0CF4_40.000_50.000.wav	Running_water
YIYie9f5Zoi4_110.000_120.000.wav	Running_water
YIZmZEQiMQXo_70.000_80.000.wav	Running_water
YIZpgE9_0SKw_70.000_80.000.wav	Running_water
YIrDw7HMy630_120.000_130.000.wav	Running_water
YJGUGlVTs2-M_410.000_420.000.wav	Running_water,Speech
YJSfuu1BOwRo_0.000_10.000.wav	Running_water
YJjrgFhpGlB8_70.000_80.000.wav	Running_water
YJrJAL0TyUCc_190.000_200.000.wav	Running_water,Speech
YK8hvtDv4Pu0_360.000_370.000.wav	Running_water,Speech
YK97MbozOfeM_130.000_140.000.wav	Running_water
YKG68Xooiy4Y_120.000_130.000.wav	Running_water,Speech
YKRPlcAANvn0_120.000_130.000.wav	Running_water
YKWYMHBrFzko_110.000_120.000.wav	Running_water,Speech
YKWxy6GNZIOM_10.000_20.000.wav	Running_water
YKaTlXvarwgc_10.000_20.000.wav	Running_water
YKaZqY164XkE_30.000_40.000.wav	Running_water,Speech
YKkNOG6LDB08_110.000_120.000.wav	Running_water
YLYcW_eTDHQU_13.000_23.000.wav	Running_water
YLgVquCHPHP0_0.000_10.000.wav	Running_water,Speech
YLjlszWDz1Js_350.000_360.000.wav	Running_water
YM5WdAtpjhuE_20.000_30.000.wav	Running_water
YM5chN5WgE4g_10.000_20.000.wav	Running_water
YM6redC33XpU_240.000_250.000.wav	Running_water,Speech
YMNnbPAYosw4_290.000_300.000.wav	Running_water,Speech
YNGPBlFWUrX0_30.000_40.000.wav	Running_water,Speech
YNVG6edrUkZE_570.000_580.000.wav	Running_water
YNhIzjgScWG8_30.000_40.000.wav	Running_water
YNju5CH-3cAw_250.000_260.000.wav	Running_water,Speech
YO6ANSuo4wqA_500.000_510.000.wav	Running_water,Speech
YO8fDStDVZGc_0.000_10.000.wav	Running_water
YONh6Jb2MbSo_90.000_100.000.wav	Running_water
YOUxnwfKtTE0_20.000_30.000.wav	Running_water
YOk5fxdkbVvY_410.000_420.000.wav	Running_water
YOvIWDoKqVyo_70.000_80.000.wav	Running_water
YOz54Auev9eU_170.000_180.000.wav	Running_water
YPNjr19PWgs8_30.000_40.000.wav	Running_water
YPUklJ_YM2nY_230.000_240.000.wav	Running_water,Speech
YPWG95GjByFQ_140.000_150.000.wav	Running_water,Speech
YPfc9MUPk0dw_110.000_120.000.wav	Running_water
YPq2R5Lc0Gms_60.000_70.000.wav	Running_water,Speech
YPsbbXhvgzKU_120.000_130.000.wav	Running_water
YPsgvPFOr-TM_30.000_40.000.wav	Running_water
YPt09W6J9Awk_0.000_10.000.wav	Running_water,Speech
YPvH6dGL-N6Y_30.000_40.000.wav	Running_water,Speech
YQQJqRJaYdKU_30.000_40.000.wav	Running_water,Speech,Dog
YQlflL9N5IOQ_0.000_10.000.wav	Running_water
YR6kfdRoG4no_70.000_80.000.wav	Running_water
YRpPWfr_1GbA_0.000_10.000.wav	Running_water
YRr2e7xqYDzs_0.000_6.000.wav	Running_water
YRydJj9VhwPA_30.000_40.000.wav	Running_water
YS1mcQ3hgKLM_20.000_30.000.wav	Running_water
YS7_mWTET9to_30.000_40.000.wav	Running_water
YSEfck-Wvy2s_360.000_370.000.wav	Running_water,Speech
YSagw-Umk5O8_50.000_60.000.wav	Running_water
YSdxSgz-RrHQ_140.000_150.000.wav	Running_water
YSo2BdqpfkK0_90.000_100.000.wav	Running_water
YSoHW3xQFkqU_30.000_40.000.wav	Running_water
YTVM8-QR64L8_30.000_40.000.wav	Running_water,Speech
YTadbPYUHAvs_130.000_140.000.wav	Running_water
YU0gtX-O9xC4_20.000_30.000.wav	Running_water
YUHsYJU1ACQA_0.000_10.000.wav	Running_water
YUNfv0yWhLoo_80.000_90.000.wav	Running_water
YV3FZKiKjGwE_50.000_60.000.wav	Running_water
YVSJKA5dBm1A_140.000_150.000.wav	Running_water
YQJu-aBoOUVw_170.000_180.000.wav	Running_water,Speech
Y-2FVPRdbLdA_10.000_20.000.wav	Running_water
Y-F6GfPwjLWo_30.000_40.000.wav	Running_water
Y-KrDQXnlXRw_10.000_20.000.wav	Running_water
Y-LnYUCuNUuI_20.000_30.000.wav	Running_water,Speech
Y-NW2pPAToFM_0.000_10.000.wav	Running_water
Y-YkIP4iqElA_10.000_20.000.wav	Running_water
Y-aI2lItV7zE_100.000_110.000.wav	Running_water
Y-dX5RtfumBA_220.000_230.000.wav	Running_water
Y-fC8_UodWjA_40.000_50.000.wav	Running_water
Y-nWUVq5s7cM_30.000_40.000.wav	Running_water
Y-wyF3xGM95g_10.000_20.000.wav	Running_water
Y-ygqz4jLcsk_0.000_10.000.wav	Running_water
Y04zOu5UFyo0_20.000_30.000.wav	Running_water,Speech
Y0FXHXCu1lJY_200.000_210.000.wav	Running_water
Y0HWIjjmpVtY_70.000_80.000.wav	Running_water
Y0Opn_vz6sf4_10.000_20.000.wav	Running_water,Speech
Y0PcvfVZo9e4_10.000_20.000.wav	Running_water
Y0ZVdHyRbCCo_40.000_50.000.wav	Running_water
Y0aZ3vvM4V34_10.000_20.000.wav	Running_water
Y0fr57nOHOEU_40.000_50.000.wav	Running_water
Y0gKyoOENUBM_70.000_80.000.wav	Running_water
Y0iSQ-tdp1mo_40.000_50.000.wav	Running_water
Y0j9aw8s6s1s_40.000_50.000.wav	Running_water,Speech
Y0lqGcL0-uVA_10.000_20.000.wav	Running_water
Y0mj46Xhzx1Y_10.000_20.000.wav	Running_water
Y0suFvKAWJnU_10.000_20.000.wav	Running_water
Y0uIe4dKUC1s_50.000_60.000.wav	Running_water
Y0xdJWDNLZrE_290.000_300.000.wav	Running_water
Y0z5TRiOKlX4_20.000_30.000.wav	Running_water
Y13AbnrWanPk_20.000_30.000.wav	Running_water
Y16b9HjgnmrY_40.000_50.000.wav	Running_water
Y1AfCMvhZJVY_40.000_50.000.wav	Running_water
Y1BEpOomjdIU_0.000_10.000.wav	Running_water,Speech
Y1IgfQE4GT1Q_20.000_30.000.wav	Running_water
Y1NbkO1auM1U_0.000_10.000.wav	Running_water
Y1PLtmuFO66E_150.000_160.000.wav	Running_water
Y1Tb7c70fJBs_10.000_20.000.wav	Running_water
Y1YPjs1CTY2E_0.000_10.000.wav	Running_water
Y1aNLeVBB9RQ_0.000_10.000.wav	Running_water
Y1deq0hecAUE_280.000_290.000.wav	Running_water
Y1hnLcaOlFks_90.000_100.000.wav	Running_water
Y1sGbBTYBxDg_20.000_30.000.wav	Running_water
Y1sTktH04-fw_40.000_50.000.wav	Running_water
Y20nyHEh2HW0_30.000_40.000.wav	Running_water
Y26-HMlPhve4_20.000_30.000.wav	Running_water
Y27OJnL93_xc_270.000_280.000.wav	Running_water
Y2BwiNhqCOFg_160.000_170.000.wav	Running_water
Y2ErfX6ZT5pM_0.000_10.000.wav	Running_water
Y2NP0fuxn-Q8_0.000_9.000.wav	Running_water
Y2QETzhkbY6E_17.000_27.000.wav	Running_water
Y2QTH4_WQlgg_0.000_10.000.wav	Running_water
Y2T4irxX9lGs_60.000_70.000.wav	Running_water,Speech
Y2YrIIOchjLQ_100.000_110.000.wav	Running_water
Y2cBdAvV0_zs_80.000_90.000.wav	Running_water
Y2cli1cg7SSA_240.000_250.000.wav	Running_water
Y2d7dwiGchrg_10.000_20.000.wav	Running_water
Y2hJBV9mb1CA_20.000_30.000.wav	Running_water
Y2k0odEpLIkc_20.000_30.000.wav	Running_water
Y2n4qR03SjnY_10.000_20.000.wav	Running_water
Y2rbGcfo-k_Q_0.000_10.000.wav	Running_water
Y3-0K2zuTwl4_10.000_20.000.wav	Running_water
Y3OBX7R7QzgY_20.000_30.000.wav	Running_water
Y3P-wkugs3s4_40.000_50.000.wav	Running_water,Speech
Y3RaZ_DvJEsM_0.000_10.000.wav	Running_water
Y3XZcJfZsVhA_20.000_30.000.wav	Running_water,Speech
Y3YGtfWG_KT8_110.000_120.000.wav	Running_water
Y3drnEnI8bls_10.000_20.000.wav	Running_water
Y3lw0xavwWGE_20.000_30.000.wav	Running_water
Y3mPPyrXA60o_0.000_10.000.wav	Running_water
Y3rzg4ObzNL0_0.000_10.000.wav	Running_water,Speech
Y3slY8qx8ZeI_30.000_40.000.wav	Running_water
Y3xDZ-kdGE3o_10.000_20.000.wav	Running_water
Y46UxneRS0Vw_20.000_30.000.wav	Running_water
Y4CszE2N1TGw_0.000_10.000.wav	Running_water
Y4GqZD3eNvIs_30.000_40.000.wav	Running_water
Y4IF49XmNCaw_50.000_60.000.wav	Running_water
Y4Lg847Wx8xc_80.000_90.000.wav	Running_water
Y4MILPH5z3no_30.000_40.000.wav	Running_water
Y4NHy8ARu1cc_60.000_70.000.wav	Running_water,Speech
Y4NZCBEZbIDA_10.000_20.000.wav	Running_water
Y4SIuuAQ3YLk_40.000_50.000.wav	Running_water
Y4U9CtLJhpsQ_20.000_30.000.wav	Running_water
Y4nN9QuT_OJM_20.000_30.000.wav	Running_water
Y4pgGIwd2wto_20.000_30.000.wav	Running_water,Speech
Y4psMVnfOCIs_20.000_30.000.wav	Running_water
Y4r8uFqPOpqU_0.000_10.000.wav	Running_water
Y4tj_DVfp0ME_10.000_20.000.wav	Running_water
Y4ur5pqQkYGU_30.000_40.000.wav	Running_water
Y4yiwdZ3LsN4_60.000_70.000.wav	Running_water
Y4z2LSoUlWYk_180.000_190.000.wav	Running_water
Y52l9n3JCtSk_60.000_70.000.wav	Running_water
Y53jtALXeS7U_40.000_50.000.wav	Running_water
Y53ktQBZmxUM_0.000_10.000.wav	Running_water
Y58f0fFt0y4o_30.000_40.000.wav	Running_water
Y59UL9Up9a3o_90.000_100.000.wav	Running_water
Y59oDk6IRkB8_10.000_20.000.wav	Running_water
Y5EcrQhp7We0_40.000_50.000.wav	Running_water
Y5MXhhFv6AMo_70.000_80.000.wav	Running_water
Y5Xi_j-8fpnA_190.000_200.000.wav	Running_water,Speech
Y5bIuMNKRpTk_10.000_20.000.wav	Running_water
Y6-Ok_3WzP5k_30.000_40.000.wav	Running_water
Y64coFYUI4f0_180.000_190.000.wav	Running_water,Speech
Y67GyakZWaFk_0.000_10.000.wav	Running_water
Y6F-1DUQjoGY_220.000_230.000.wav	Running_water
Y6IIDZWPcSd8_0.000_10.000.wav	Running_water,Speech
Y6L6A0CxinL8_10.000_20.000.wav	Running_water
Y6MBc6UrEv5Y_0.000_10.000.wav	Running_water
Y6MGkrvH8Ntc_10.000_20.000.wav	Running_water
Y6OTNz254tQw_70.000_80.000.wav	Running_water
Y6U7HcpVhQ1A_0.000_10.000.wav	Running_water
Y6YKWV3Hcsp8_10.000_20.000.wav	Running_water
Y6fUn9gGkTIo_10.000_20.000.wav	Running_water,Speech
Y6gtQ1amk3sk_10.000_20.000.wav	Running_water
Y6iK8csUljY8_30.000_40.000.wav	Running_water
Y6iZ5R_J9wKI_30.000_40.000.wav	Running_water
Y6kgP5UmqtRs_10.000_20.000.wav	Running_water
Y6lor4r7k4As_20.000_30.000.wav	Running_water
Y79y6PHjXnd8_10.000_20.000.wav	Running_water
Y7Eumr8sgq9I_30.000_40.000.wav	Running_water
Y7HakzscblZY_30.000_40.000.wav	Running_water
Y7Q0qcvdL7bc_80.000_90.000.wav	Running_water
Y7TSU0B2adAM_20.000_30.000.wav	Running_water,Speech
Y7_05UMqy4Tc_0.000_10.000.wav	Running_water
Y7__8AVfo2bk_30.000_40.000.wav	Running_water
Y7bdx3FmHJ2E_0.000_10.000.wav	Running_water,Speech
Y7cgTsdhfn7s_20.000_30.000.wav	Running_water
Y7ih9QYtw9ko_10.000_20.000.wav	Running_water
Y7ue5N_tH-jI_0.000_9.000.wav	Running_water
Y7v9h0tZXwu0_0.000_10.000.wav	Running_water
Y7w8SF8dYNFI_10.000_20.000.wav	Running_water
Y7xZxYm27FdA_20.000_30.000.wav	Running_water
Y7yskaISnJM8_20.000_30.000.wav	Running_water
Y85pI1yQAV98_70.000_80.000.wav	Running_water
Y879C2PIaagw_20.000_30.000.wav	Running_water
Y88P_mdXElVU_10.000_20.000.wav	Running_water
Y88nqjULENCk_20.000_30.000.wav	Running_water
Y8ALWgLQx7Xo_20.000_30.000.wav	Running_water
Y8OTPu7DH0VI_0.000_10.000.wav	Running_water
Y8PJoXe_XFe8_30.000_40.000.wav	Running_water
Y8cR_Xq27Gbw_180.000_190.000.wav	Running_water
Y8kekGAzvdlc_20.000_30.000.wav	Running_water
Y8uhjObBGV-w_60.000_70.000.wav	Running_water
Y8yfRH5pzHDo_30.000_40.000.wav	Running_water
Y917aqwF8aAM_100.000_110.000.wav	Running_water
Y96N-zODUCtc_10.000_20.000.wav	Running_water
Y9HTVgGYken8_100.000_110.000.wav	Running_water,Speech
Y9IcLueWEQIc_20.000_30.000.wav	Running_water
Y9K8GZMG1QJo_0.000_10.000.wav	Running_water,Speech
Y9XAvzOnkZhM_0.000_10.000.wav	Running_water
Y9YHKI1kla2I_30.000_40.000.wav	Running_water
Y9mlC9bC0ZjA_30.000_40.000.wav	Running_water
Y9rcj35XGKWA_80.000_90.000.wav	Running_water,Speech
Y9uZM6I0gFX8_120.000_130.000.wav	Running_water
Y9ykOLkdw4Vw_70.000_80.000.wav	Running_water
YAVuLYVe77Fg_10.000_20.000.wav	Running_water
YAXY-pAhVEUc_20.000_30.000.wav	Running_water,Speech
YAZbwdHIhyTI_12.000_22.000.wav	Running_water
YAbt-fZfXT3g_10.000_20.000.wav	Running_water
YAdT_D9X6sXw_40.000_50.000.wav	Running_water
YAj5uXT-2Mps_60.000_70.000.wav	Running_water
Y1GAKaKWyPzA_40.000_50.000.wav	Dog,Vacuum_cleaner
Yhx-l6uiP3Hs_170.000_180.000.wav	Vacuum_cleaner
Y-1TeQpwlZGs_9.000_19.000.wav	Vacuum_cleaner
Y-3G-bs5JaW8_100.000_110.000.wav	Vacuum_cleaner
Y-3WtffZs4rk_30.000_40.000.wav	Vacuum_cleaner
Y-8kh4JEvkzw_0.000_10.000.wav	Vacuum_cleaner
Y-8myqx-cnlc_500.000_510.000.wav	Vacuum_cleaner
Y-NEAWkNvWvs_170.000_180.000.wav	Vacuum_cleaner
Y-OMdnou20dc_30.000_40.000.wav	Vacuum_cleaner
Y-SPr6nTlav0_170.000_180.000.wav	Speech,Vacuum_cleaner
Y-m5YF2UJeVw_70.000_80.000.wav	Vacuum_cleaner
Y-mRxPWXrSsY_280.000_290.000.wav	Vacuum_cleaner
Y-pBsdyP12ak_510.000_520.000.wav	Vacuum_cleaner
Y-qaeakbiv0U_430.000_440.000.wav	Speech,Vacuum_cleaner
Y-t3DMClxaIo_10.000_20.000.wav	Vacuum_cleaner
Y-zD_Aj1ch-o_100.000_110.000.wav	Speech,Vacuum_cleaner
Y0F_RFWvp8cY_270.000_280.000.wav	Vacuum_cleaner
Y0GSBomNmZxI_30.000_40.000.wav	Vacuum_cleaner
Y0UO35uIOrhg_50.000_60.000.wav	Vacuum_cleaner,Speech
Y0UwvVY2kc0E_40.000_50.000.wav	Speech,Vacuum_cleaner
Y0V_O6i9tqrw_260.000_270.000.wav	Speech,Vacuum_cleaner
Y0_Jhvi8PQR8_20.000_30.000.wav	Speech,Vacuum_cleaner
Y0o-DD4GwohU_110.000_120.000.wav	Vacuum_cleaner,Speech
Y0yCFCh8e10Y_10.000_20.000.wav	Vacuum_cleaner
Y18Upv_ZinJ0_90.000_100.000.wav	Vacuum_cleaner,Speech
Y1KXOr7ZoUXQ_480.000_490.000.wav	Vacuum_cleaner,Speech
Y1NGbZ7DAMe4_150.000_160.000.wav	Vacuum_cleaner
Y28WMzKS8Mvg_40.000_50.000.wav	Vacuum_cleaner
Y28c_azOmujY_20.000_30.000.wav	Vacuum_cleaner
Y28ggvtWJIz4_40.000_50.000.wav	Speech,Vacuum_cleaner
Y2BdRnFt3tSY_180.000_190.000.wav	Vacuum_cleaner
Y2Cv0_9ezILU_30.000_40.000.wav	Vacuum_cleaner
Y2KdHeWz8utE_60.000_70.000.wav	Vacuum_cleaner
Y2Lg4zowpNxE_30.000_40.000.wav	Vacuum_cleaner
Y2M9-lt6hXJc_60.000_70.000.wav	Speech,Vacuum_cleaner
Y2VMS64fFJps_170.000_180.000.wav	Vacuum_cleaner
Y2Vr7nMFnECk_130.000_140.000.wav	Vacuum_cleaner,Speech
Y2WP8Vmkdv_Y_180.000_190.000.wav	Vacuum_cleaner
Y2eBQV6mzMfs_160.000_170.000.wav	Vacuum_cleaner
Y2nFGzlJzxEU_260.000_270.000.wav	Vacuum_cleaner
Y2oBqMCzlIKI_50.000_60.000.wav	Speech,Vacuum_cleaner
Y39I0igiJeDU_30.000_40.000.wav	Vacuum_cleaner
Y3GcT21hdxLk_260.000_270.000.wav	Vacuum_cleaner
Y3MYe_RF-Rq8_50.000_60.000.wav	Dog,Vacuum_cleaner
Y3QFIGPvCD9Y_10.000_20.000.wav	Vacuum_cleaner
Y3Qtrq7mNpRk_30.000_40.000.wav	Vacuum_cleaner
Y3d0dg7tCqSc_250.000_260.000.wav	Vacuum_cleaner
Y3qYR12TI9Ic_180.000_190.000.wav	Vacuum_cleaner
Y3yJv3ElMC4E_160.000_170.000.wav	Vacuum_cleaner
Y41TTeZMRpzs_30.000_40.000.wav	Speech,Dog,Vacuum_cleaner
Y435H0Ai36E4_40.000_50.000.wav	Vacuum_cleaner
Y49C15x4FItg_200.000_210.000.wav	Vacuum_cleaner
Y4ITETcfpgSs_0.000_10.000.wav	Vacuum_cleaner
Y4P1kVpir3iU_120.000_130.000.wav	Vacuum_cleaner
Y4SnjARXXyTo_20.000_30.000.wav	Vacuum_cleaner
Y4f9OKlHoBsk_40.000_50.000.wav	Vacuum_cleaner
Y4kPq4Ff9HiA_90.000_100.000.wav	Speech,Vacuum_cleaner
Y4nK9l8Fv2wA_30.000_40.000.wav	Vacuum_cleaner
Y4nspa-Lpt6g_170.000_180.000.wav	Speech,Vacuum_cleaner
Y53SjXeMwmr4_0.000_10.000.wav	Vacuum_cleaner,Speech
Y56zWNCGDOcU_180.000_190.000.wav	Speech,Vacuum_cleaner
Y5GT_Wg6XQC4_30.000_40.000.wav	Vacuum_cleaner
Y5M8JlZNtw0w_20.000_30.000.wav	Vacuum_cleaner
Y5U2ZiMVHMxg_200.000_210.000.wav	Vacuum_cleaner
Y5XtIFruvd7I_40.000_50.000.wav	Vacuum_cleaner
Y5_cdDjdyILo_160.000_170.000.wav	Vacuum_cleaner
Y5oa7_VkvDiM_160.000_170.000.wav	Vacuum_cleaner,Speech
Y5p9pergm-Ko_0.000_7.000.wav	Vacuum_cleaner
Y5slzmsYMlpA_29.000_39.000.wav	Vacuum_cleaner
Y606sfRcQYA8_90.000_100.000.wav	Vacuum_cleaner
Y6I89c-rrY44_300.000_310.000.wav	Speech,Vacuum_cleaner
Y6NWpyI8ZC7o_0.000_7.000.wav	Vacuum_cleaner
Y6PurUJymSCQ_20.000_30.000.wav	Vacuum_cleaner
Y6VCV28rzgM0_590.000_600.000.wav	Vacuum_cleaner
Y6a2OyetkL0c_180.000_190.000.wav	Vacuum_cleaner
Y6agI5a-5TGY_270.000_280.000.wav	Vacuum_cleaner
Y6g3ZMgNYE6s_10.000_20.000.wav	Vacuum_cleaner
Y6kD5Ya6JUbQ_350.000_360.000.wav	Vacuum_cleaner
Y6mBfajqi1pg_560.000_570.000.wav	Vacuum_cleaner
Y6nkN-bp_D7M_90.000_100.000.wav	Vacuum_cleaner,Speech
Y6qGCOVxywo4_60.000_70.000.wav	Vacuum_cleaner
Y6wzuvIz_91g_70.000_80.000.wav	Vacuum_cleaner
Y7-BcamGuceQ_160.000_170.000.wav	Vacuum_cleaner
Y75LSDHinDBw_100.000_110.000.wav	Vacuum_cleaner
Y7JGUpM_YqTA_20.000_30.000.wav	Speech,Vacuum_cleaner
Y7W_nNAwMKfk_110.000_120.000.wav	Vacuum_cleaner
Y7c_cjaVe_h0_0.000_10.000.wav	Vacuum_cleaner
Y7tQSdALRYxI_0.000_10.000.wav	Vacuum_cleaner
Y80LZfdjdcfM_80.000_90.000.wav	Vacuum_cleaner
Y83M4YuLzP8Q_0.000_10.000.wav	Vacuum_cleaner
Y83hygpk4VKY_120.000_130.000.wav	Vacuum_cleaner
Y86eQxmsjwM4_310.000_320.000.wav	Vacuum_cleaner
Y86rBaUnvabk_40.000_50.000.wav	Vacuum_cleaner
Y8BoAvuGnzOg_160.000_170.000.wav	Vacuum_cleaner
Y8EE7q8Gn5-s_110.000_120.000.wav	Vacuum_cleaner
Y8ENkXXxH0ek_300.000_310.000.wav	Vacuum_cleaner
Y8JMFVd_3Fq0_60.000_70.000.wav	Vacuum_cleaner
Y8e6ha9wOsl0_30.000_40.000.wav	Vacuum_cleaner
Y8z6UjJACNLE_10.000_20.000.wav	Vacuum_cleaner
Y97_dBJobzaE_50.000_60.000.wav	Vacuum_cleaner
Y9FcBsEzihqI_80.000_90.000.wav	Speech,Vacuum_cleaner
Y9KhDXUt5IoM_370.000_380.000.wav	Vacuum_cleaner
Y9ige_Pfo-2Q_30.000_40.000.wav	Vacuum_cleaner
YAe8B5sRWloc_170.000_180.000.wav	Vacuum_cleaner
YAgPBflnMOss_90.000_100.000.wav	Vacuum_cleaner
YAkZ84GRil04_210.000_220.000.wav	Vacuum_cleaner,Speech
YAuCSBtuEI-k_40.000_50.000.wav	Vacuum_cleaner
YB3MAJqFGdus_190.000_200.000.wav	Speech,Vacuum_cleaner
YB6uxhGolQpo_320.000_330.000.wav	Vacuum_cleaner
YB8Xv04otTos_30.000_40.000.wav	Vacuum_cleaner
YB9heGupPnrA_210.000_220.000.wav	Vacuum_cleaner
YBq7pJ8J8iQ8_40.000_50.000.wav	Vacuum_cleaner
YC4bCoIfF0t4_50.000_60.000.wav	Vacuum_cleaner
YCCywFuWAucg_30.000_40.000.wav	Vacuum_cleaner
YCGJr6Pz-p0U_10.000_20.000.wav	Speech,Vacuum_cleaner
YCQEYmvZRDtM_40.000_50.000.wav	Vacuum_cleaner
YCRWYic9kggY_50.000_60.000.wav	Vacuum_cleaner,Speech
YCb72bJyShuM_450.000_460.000.wav	Vacuum_cleaner
YCgGDTDmu6Qk_30.000_40.000.wav	Vacuum_cleaner
YCkTAYVElyrM_220.000_230.000.wav	Vacuum_cleaner
YCpCFkvPZSyo_90.000_100.000.wav	Speech,Vacuum_cleaner
YCsHx08b_Mmo_70.000_80.000.wav	Vacuum_cleaner
YCutZRlwZcZU_30.000_40.000.wav	Vacuum_cleaner
YD2JDmgsq71s_350.000_360.000.wav	Vacuum_cleaner,Speech
YD4gbzWirkwQ_70.000_80.000.wav	Vacuum_cleaner
YD7kuwMAGHbY_40.000_50.000.wav	Vacuum_cleaner,Speech
YD9LaKlgNuhs_120.000_130.000.wav	Speech,Vacuum_cleaner
YDG89TFpzMmg_20.000_30.000.wav	Vacuum_cleaner
YDK-7X3oSVoA_90.000_100.000.wav	Speech,Vacuum_cleaner
YDL00Q-Qu8sI_420.000_430.000.wav	Speech,Vacuum_cleaner
YDNSbY2bKAyE_10.000_20.000.wav	Vacuum_cleaner
YDSFaOuqH8lA_160.000_170.000.wav	Speech,Vacuum_cleaner
YE-mM8vAFS-c_70.000_80.000.wav	Vacuum_cleaner
YEAPXZYrMD38_140.000_150.000.wav	Vacuum_cleaner
YEFtHGHtwF1A_0.000_10.000.wav	Vacuum_cleaner
YEP-K9Os-OiU_50.000_60.000.wav	Speech,Vacuum_cleaner
YEZ5m9JARwBM_30.000_40.000.wav	Vacuum_cleaner
YFDNj1d8V-9g_40.000_50.000.wav	Vacuum_cleaner
YFDcbH82VwxI_23.000_33.000.wav	Vacuum_cleaner
YFHYgU1-ayM0_30.000_40.000.wav	Vacuum_cleaner,Speech
YFOcS12s5mmI_20.000_30.000.wav	Vacuum_cleaner
YFawyLfqTsqs_230.000_240.000.wav	Vacuum_cleaner
YFk8y6-wbBUk_20.000_30.000.wav	Vacuum_cleaner,Speech
YG2ZxMFzGtws_130.000_140.000.wav	Speech,Vacuum_cleaner
YGrD9MBHKnNI_190.000_200.000.wav	Vacuum_cleaner
YHluxd7Vtzro_20.000_30.000.wav	Speech,Vacuum_cleaner
YHn1UNGYvikE_130.000_140.000.wav	Vacuum_cleaner
YHpt4oDpqQ94_30.000_40.000.wav	Vacuum_cleaner
YI2jVlVaFyD0_0.000_10.000.wav	Vacuum_cleaner
YIXcSKIcwWLE_90.000_100.000.wav	Speech,Vacuum_cleaner
YI_GAhp3M4kQ_0.000_10.000.wav	Vacuum_cleaner,Speech
YIb7cg0gudCs_170.000_180.000.wav	Vacuum_cleaner
YIl2uf1KAnt4_0.000_10.000.wav	Vacuum_cleaner
YIlVuPQ11gzM_120.000_130.000.wav	Vacuum_cleaner
YIqJ2JGeJiQw_190.000_200.000.wav	Speech,Vacuum_cleaner
YJHY4kY-D7U0_440.000_450.000.wav	Vacuum_cleaner
YJPUb0c4hUgY_490.000_500.000.wav	Vacuum_cleaner
YJTk_7jVeW64_0.000_10.000.wav	Vacuum_cleaner
YJqNqA2olQeY_60.000_70.000.wav	Speech,Vacuum_cleaner
YJrMC4UZxulw_110.000_120.000.wav	Vacuum_cleaner
YK68PjrSv1zY_0.000_10.000.wav	Vacuum_cleaner
YK8pU44rsLJY_150.000_160.000.wav	Vacuum_cleaner
YKH22JqqjVA8_30.000_40.000.wav	Vacuum_cleaner
YKOFrb2VOnqA_130.000_140.000.wav	Vacuum_cleaner,Speech
YKWfj_tzrlxM_90.000_100.000.wav	Vacuum_cleaner
YKqa-iC4cuMs_370.000_380.000.wav	Speech,Vacuum_cleaner
Y1Nw-fC0gk9o_120.000_130.000.wav	Dishes,Speech
Y1SpHjTw56jg_260.000_270.000.wav	Dishes,Speech
Y23pAYyzCnU8_520.000_530.000.wav	Dishes,Speech
Y257OKP3ZLD0_30.000_40.000.wav	Dishes,Speech
Y2O_mVjMFsuQ_340.000_350.000.wav	Dishes,Speech
Y57q1DKPOLYg_40.000_50.000.wav	Dishes,Speech
Y5ohCslwvxdw_40.000_50.000.wav	Dishes,Speech
Y5rmbkTrYSK0_90.000_100.000.wav	Dishes,Speech
Y6QExD0uUMOs_20.000_30.000.wav	Dishes
Y6Y92C4qnFPk_130.000_140.000.wav	Dishes,Speech
Y6ZEtbX95qYo_190.000_200.000.wav	Dishes,Speech,Running_water
Y6zcz_gJkbmQ_120.000_130.000.wav	Dishes,Speech,Running_water
Y8XVCewPZYz4_420.000_430.000.wav	Dishes,Speech
Y8o-Y4QP8LWs_280.000_290.000.wav	Dishes
Y8vuTgV73O2o_390.000_400.000.wav	Dishes,Speech
YAY7QlDwEAH8_0.000_6.000.wav	Dishes,Running_water,Running_water
YBc2wI4c2wBI_180.000_190.000.wav	Dishes,Speech
YC7D1GjuDQVA_120.000_130.000.wav	Dishes
YCJqlLZZano4_290.000_300.000.wav	Dishes
YCfij00R-8Zs_280.000_290.000.wav	Dishes
YDBYzZp1jOro_200.000_210.000.wav	Dishes,Speech
YDdiZEqm1g9c_20.000_30.000.wav	Dishes
YE1CXRMewTCk_200.000_210.000.wav	Dishes,Speech
YEOEVEf6q_Ms_150.000_160.000.wav	Dishes
YF9f9caaxmm0_370.000_380.000.wav	Dishes,Speech
YG25fk1hnP30_260.000_270.000.wav	Dishes
YGBPwN9NOMVo_280.000_290.000.wav	Dishes,Speech
YGIS6MmZwP5g_30.000_40.000.wav	Dishes,Speech
YGRpuXhXjAmk_290.000_300.000.wav	Dishes
YGUk84jnXRBQ_200.000_210.000.wav	Dishes
YGr1Ktuy5zq8_150.000_160.000.wav	Dishes,Speech
YHQ40IvZOFUo_210.000_220.000.wav	Dishes,Speech
YHzcT5VgB9uw_60.000_70.000.wav	Dishes,Speech
YIMrI0TfCnVw_420.000_430.000.wav	Dishes,Speech
YIN8pk34_S_k_0.000_10.000.wav	Dishes,Speech
YIdGB-Q2p-eM_30.000_40.000.wav	Dishes
YJ6Dkx5KSfPs_520.000_530.000.wav	Dishes,Speech
YJ9TypJdxLcI_90.000_100.000.wav	Dishes
YJQphdZQRTs4_40.000_50.000.wav	Dishes,Speech
YJT4g4usFWiI_50.000_60.000.wav	Dishes
YJZ9Tpv6h1pA_50.000_60.000.wav	Dishes,Speech
YJiur7qz3NU8_50.000_60.000.wav	Dishes,Speech
YJyzNt1JKAiw_530.000_540.000.wav	Dishes,Speech
YJz9r4H9kaTI_170.000_180.000.wav	Dishes
Y1oc7Z8x1WBk_570.000_580.000.wav	Electric_shaver_toothbrush
YAi8bBqbdB0g_210.000_220.000.wav	Electric_shaver_toothbrush,Speech
YAq9QPtfMuO4_110.000_120.000.wav	Electric_shaver_toothbrush
YCOL58C_D8Fc_130.000_140.000.wav	Electric_shaver_toothbrush,Speech
YV4_KDsLM374_190.000_200.000.wav	Electric_shaver_toothbrush,Speech
YVkjF5L9rE1g_180.000_190.000.wav	Electric_shaver_toothbrush,Speech
YdLidU5Z0sFk_260.000_270.000.wav	Electric_shaver_toothbrush,Speech
YdagkkN0WlTQ_120.000_130.000.wav	Electric_shaver_toothbrush,Speech
YeqfEs_qSGHY_300.000_310.000.wav	Electric_shaver_toothbrush
YfR5heE6goDA_10.000_20.000.wav	Electric_shaver_toothbrush
YfrHnRirNcZ0_90.000_100.000.wav	Electric_shaver_toothbrush
Yhl-NvOd71qU_30.000_40.000.wav	Electric_shaver_toothbrush,Speech
Yhsia3i4zens_140.000_150.000.wav	Electric_shaver_toothbrush,Speech
Yhy__agulHvg_200.000_210.000.wav	Electric_shaver_toothbrush,Speech
YkzRJqZrjUX4_380.000_390.000.wav	Electric_shaver_toothbrush,Speech
YlDDJMPAevBg_270.000_280.000.wav	Electric_shaver_toothbrush,Speech
YmRDg0StdLrE_190.000_200.000.wav	Electric_shaver_toothbrush
Yo0SriWFnPZc_0.000_10.000.wav	Electric_shaver_toothbrush
Yobc8GSP43ww_120.000_130.000.wav	Electric_shaver_toothbrush,Speech
Yp53Z0kRu3wA_320.000_330.000.wav	Electric_shaver_toothbrush,Speech
YpSWPHSz6jHE_30.000_40.000.wav	Electric_shaver_toothbrush
Yqa9pb77jMQg_120.000_130.000.wav	Electric_shaver_toothbrush,Speech
YsRlBSp0r0dg_150.000_160.000.wav	Electric_shaver_toothbrush,Speech
Yv2YA8-WMI-w_10.000_20.000.wav	Electric_shaver_toothbrush,Speech
YwQN8fexVPSI_223.000_233.000.wav	Electric_shaver_toothbrush,Speech
YwqQU8VXGyS0_390.000_400.000.wav	Electric_shaver_toothbrush,Speech
YxvgPSItdFXw_270.000_280.000.wav	Electric_shaver_toothbrush,Speech
YyDw1Swpj_-w_100.000_110.000.wav	Electric_shaver_toothbrush,Speech
YyTXesz-KMhg_360.000_370.000.wav	Electric_shaver_toothbrush,Speech
YzHlwnVWBQaQ_260.000_270.000.wav	Electric_shaver_toothbrush
YzJZWoYzSrIM_140.000_150.000.wav	Electric_shaver_toothbrush,Speech
YBUzoqv1iSgI_240.000_250.000.wav	Electric_shaver_toothbrush,Speech
Yh-lpXjQeZII_120.000_130.000.wav	Electric_shaver_toothbrush,Speech
Y02MGx1Vh9c0_240.000_250.000.wav	Electric_shaver_toothbrush
Y4pA2MFiec8k_530.000_540.000.wav	Electric_shaver_toothbrush
Y9PZiMMd5hwg_450.000_460.000.wav	Electric_shaver_toothbrush
YG-YrqazRGTo_90.000_100.000.wav	Electric_shaver_toothbrush
YH7HYiXScU7k_540.000_550.000.wav	Electric_shaver_toothbrush,Speech
YPjRYAwDxo6I_80.000_90.000.wav	Electric_shaver_toothbrush
YUKoIkTJGZLg_0.000_10.000.wav	Electric_shaver_toothbrush,Speech
YURyhcd-H3lY_180.000_190.000.wav	Electric_shaver_toothbrush
YUW0vfC5UjQg_140.000_150.000.wav	Electric_shaver_toothbrush,Speech
YiDBWBvuYOQk_30.000_40.000.wav	Electric_shaver_toothbrush,Speech
Yqc61mzzSIxM_30.000_40.000.wav	Electric_shaver_toothbrush,Speech
YyfSco9z1fpw_190.000_200.000.wav	Electric_shaver_toothbrush,Speech
YyixVwsu3pvc_40.000_50.000.wav	Electric_shaver_toothbrush,Speech
