{
  "model_name_or_path": "aloxatel/bert-base-mnli",
  "dataset_name": "mnli",
  "dataset_cache_dir": "dataset_cache_dir",
  "do_train": 1,
  "do_eval": 1,
  "per_device_train_batch_size": 32,
  "per_device_eval_batch_size": 128,
  "max_seq_length": 128,
  "doc_stride": 128,
  "num_train_epochs": 12,
  "logging_steps": 250,
  "save_steps": 5000,
  "eval_steps": 5000,
  "save_total_limit": 50,
  "seed": 17,
  "evaluation_strategy": "steps",
  "learning_rate": 3e-5,
  "mask_scores_learning_rate": 1e-2,
  "output_dir": "output/mnli_test2/",
  "logging_dir": "output/mnli_test2/",
  "overwrite_cache": 0,
  "overwrite_output_dir": 1,
  "warmup_steps": 12000,
  "initial_warmup": 1,
  "final_warmup": 4,
  "initial_threshold": 0,
  "final_threshold": 0.1,
  "dense_pruning_method": "sigmoied_threshold:1d_alt",
  "dense_block_rows":1,
  "dense_block_cols":1,
  "dense_lambda":1.0,
  "attention_pruning_method": "sigmoied_threshold",
  "attention_block_rows":32,
  "attention_block_cols":32,
  "attention_lambda":1.0,
  "ampere_pruning_method": "disabled",
  "mask_init": "constant",
  "mask_scale": 0.0,
  "regularization": "l1",
  "regularization_final_lambda": 30,
  "distil_teacher_name_or_path":"aloxatel/bert-base-mnli",
  "distil_alpha_ce": 0.1,
  "distil_alpha_teacher": 0.90,
  "attention_output_with_dense": 0
}
