{
  "dataset_reader": {
    "type": "onto_pnet",
    "valid_class": "DATE",
    "random_seed": 1,
    "drop_empty": false,
    "valid_part": 0.5
  },
  "train_data_path": "train.txt",
  "validation_data_path": "valid.txt",
  "test_data_path": "test.txt",
  "evaluate_on_test": false,
  "model": {
    "type": "pnet_tagger",
    "cuda_device": -1,
    "constraint_type": "BIO",
    "dropout": 0.5,
    "include_start_end_transitions": false,
    "text_field_embedder": {
      "tokens": {
        "type": "embedding",
        "embedding_dim": 50,
        "pretrained_file": "https://s3-us-west-2.amazonaws.com/allennlp/datasets/glove/glove.6B.50d.txt.gz",
        "trainable": false
      },
      "elmo":{
        "type": "elmo_token_embedder",
       "options_file": "https://s3-us-west-2.amazonaws.com/allennlp/models/elmo/2x4096_512_2048cnn_2xhighway/elmo_2x4096_512_2048cnn_2xhighway_options.json",
       "weight_file": "https://s3-us-west-2.amazonaws.com/allennlp/models/elmo/2x4096_512_2048cnn_2xhighway/elmo_2x4096_512_2048cnn_2xhighway_weights.hdf5",
        "do_layer_norm": true,
        "dropout": 0.0
      },
      "token_characters": {
        "type": "character_encoding",
        "embedding": {
          "embedding_dim": 16
        },
        "encoder": {
          "type": "cnn",
          "embedding_dim": 16,
          "num_filters": 128,
          "ngram_filter_sizes": [3],
          "conv_layer_activation": "relu"
        }
      }
    },
    "encoder": {
      "type": "lstm",
      "input_size": 1202,
      "hidden_size": 200,
      "num_layers": 2,
      "dropout": 0.5,
      "bidirectional": true
    },
    "regularizer": [
      [
        "scalar_parameters",
        {
          "type": "l2",
          "alpha": 0.1
        }
      ]
    ]
  },
  "iterator": {
    "type": "pnet",
    "batch_size": 100
  },
  "trainer": {
    "optimizer": {
        "type": "adam",
        "lr": 0.003
    },
    "validation_metric": "+f1-measure-overall",
    "num_serialized_models_to_keep": 1,
    "num_epochs": 21,
    "grad_norm": 5.0,
    "patience": 21
  }
}
