{"model.model_name": "repr_conv", "model.x_dim": [1, 49, 10], "model.hid_dim": 64, "model.z_dim": 64, "model.encoding": "DSCNNL_LAYERNORM", "model.model_path": "", "model.z_norm": true, "model.preprocessing": "mfcc", "model.feature_type": "logits", "model.wav2vec2_path": "", "train.epochs": 40, "train.optim_method": "Adam", "train.learning_rate": 0.001, "train.decay_every": 20, "train.weight_decay": 0.0, "train.patience": 20, "train.batch_size": 128, "train.n_way": 80, "train.n_support": 0, "train.n_query": 20, "train.n_episodes": 400, "train.loss": "triplet", "train.distance": "euclidean", "train.margin": 0.5, "log.fields": ["loss"], "log.exp_dir": "./results/TLAUGL2M05_MSWC500U_DSCNNLLNORM_N80Q20EP400/", "data.cuda": true, "speech.dataset": "MSWC", "speech.task": "MSWC500U", "speech.default_datadir": "Datasets/MSWC_en/en/", "speech.include_background": false, "speech.include_silence": false, "speech.include_unknown": false, "speech.sample_rate": 16000, "speech.clip_duration": 1000, "speech.time_shift": 100, "speech.bg_volume": 0.1, "speech.bg_frequency": 1.0, "speech.num_silence": 1000, "speech.foreground_volume": 1, "speech.include_noise": true, "speech.noise_snr": 5, "speech.noise_frequency": 0.95, "speech.window_size": 40, "speech.window_stride": 20, "speech.num_features": 10, "speech.n_mfcc": 40, "fsl.classifier": "ncm", "fsl.test.n_way": 12, "fsl.test.n_support": 5, "fsl.test.n_episodes": 100, "fsl.test.fixed_silence_unknown": false, "fsl.test.batch_size": 128}
