{"genres/jazz/jazz.00012.au": {"class": "jazz", "fold": ["val", "train", "train"], "label": 5}, "genres/hiphop/hiphop.00011.au": {"class": "hiphop", "fold": ["val", "train", "train"], "label": 4}, "genres/country/country.00081.au": {"class": "country", "fold": ["train", "train", "val"], "label": 2}, "genres/rock/rock.00009.au": {"class": "rock", "fold": ["val", "train", "train"], "label": 9}, "genres/country/country.00040.au": {"class": "country", "fold": ["train", "val", "train"], "label": 2}, "genres/reggae/reggae.00004.au": {"class": "reggae", "fold": ["val", "train", "train"], "label": 8}, "genres/classical/classical.00067.au": {"class": "classical", "fold": ["train", "val", "train"], "label": 1}, "genres/pop/pop.00067.au": {"class": "pop", "fold": ["train", "train", "val"], "label": 7}, "genres/rock/rock.00083.au": {"class": "rock", "fold": ["train", "train", "val"], "label": 9}, "genres/classical/classical.00063.au": {"class": "classical", "fold": ["train", "val", "train"], "label": 1}, "genres/metal/metal.00014.au": {"class": "metal", "fold": ["val", "train", "train"], "label": 6}, "genres/pop/pop.00095.au": {"class": "pop", "fold": ["val", "train", "train"], "label": 7}, "genres/hiphop/hiphop.00013.au": {"class": "hiphop", "fold": ["val", "train", "train"], "label": 4}, "genres/jazz/jazz.00047.au": {"class": "jazz", "fold": ["train", "val", "train"], "label": 5}, "genres/jazz/jazz.00021.au": {"class": "jazz", "fold": ["val", "train", "train"], "label": 5}, "genres/hiphop/hiphop.00000.au": {"class": "hiphop", "fold": ["val", "train", "train"], "label": 4}, "genres/jazz/jazz.00033.au": {"class": "jazz", "fold": ["val", "train", "train"], "label": 5}, "genres/blues/blues.00078.au": {"class": "blues", "fold": ["train", "val", "train"], "label": 0}, "genres/classical/classical.00090.au": {"class": "classical", "fold": ["train", "train", "val"], "label": 1}, "genres/pop/pop.00043.au": {"class": "pop", "fold": ["train", "val", "train"], "label": 7}, "genres/hiphop/hiphop.00016.au": {"class": "hiphop", "fold": ["val", "train", "train"], "label": 4}, "genres/rock/rock.00069.au": {"class": "rock", "fold": ["train", "val", "train"], "label": 9}, "genres/metal/metal.00072.au": {"class": "metal", "fold": ["train", "train", "val"], "label": 6}, "genres/reggae/reggae.00003.au": {"class": "reggae", "fold": ["val", "train", "train"], "label": 8}, "genres/jazz/jazz.00086.au": {"class": "jazz", "fold": ["train", "train", "val"], "label": 5}, "genres/blues/blues.00066.au": {"class": "blues", "fold": ["train", "train", "val"], "label": 0}, "genres/rock/rock.00053.au": {"class": "rock", "fold": ["train", "val", "train"], "label": 9}, "genres/jazz/jazz.00063.au": {"class": "jazz", "fold": ["train", "val", "train"], "label": 5}, "genres/blues/blues.00063.au": {"class": "blues", "fold": ["train", "train", "val"], "label": 0}, "genres/blues/blues.00010.au": {"class": "blues", "fold": ["train", "val", "train"], "label": 0}, "genres/rock/rock.00092.au": {"class": "rock", "fold": ["train", "train", "val"], "label": 9}, "genres/country/country.00053.au": {"class": "country", "fold": ["train", "train", "val"], "label": 2}, "genres/classical/classical.00021.au": {"class": "classical", "fold": ["val", "train", "train"], "label": 1}, "genres/metal/metal.00051.au": {"class": "metal", "fold": ["train", "train", "val"], "label": 6}, "genres/disco/disco.00097.au": {"class": "disco", "fold": ["train", "train", "val"], "label": 3}, "genres/hiphop/hiphop.00018.au": {"class": "hiphop", "fold": ["val", "train", "train"], "label": 4}, "genres/rock/rock.00097.au": {"class": "rock", "fold": ["train", "train", "val"], "label": 9}, "genres/disco/disco.00037.au": {"class": "disco", "fold": ["val", "train", "train"], "label": 3}, "genres/country/country.00090.au": {"class": "country", "fold": ["train", "train", "val"], "label": 2}, "genres/jazz/jazz.00083.au": {"class": "jazz", "fold": ["train", "train", "val"], "label": 5}, "genres/blues/blues.00091.au": {"class": "blues", "fold": ["val", "train", "train"], "label": 0}, "genres/country/country.00071.au": {"class": "country", "fold": ["train", "val", "train"], "label": 2}, "genres/metal/metal.00032.au": {"class": "metal", "fold": ["train", "val", "train"], "label": 6}, "genres/blues/blues.00056.au": {"class": "blues", "fold": ["train", "train", "val"], "label": 0}, "genres/classical/classical.00009.au": {"class": "classical", "fold": ["val", "train", "train"], "label": 1}, "genres/classical/classical.00041.au": {"class": "classical", "fold": ["train", "val", "train"], "label": 1}, "genres/classical/classical.00038.au": {"class": "classical", "fold": ["train", "val", "train"], "label": 1}, "genres/blues/blues.00023.au": {"class": "blues", "fold": ["val", "train", "train"], "label": 0}, "genres/pop/pop.00070.au": {"class": "pop", "fold": ["train", "train", "val"], "label": 7}, "genres/reggae/reggae.00079.au": {"class": "reggae", "fold": ["train", "train", "val"], "label": 8}, "genres/pop/pop.00002.au": {"class": "pop", "fold": ["val", "train", "train"], "label": 7}, "genres/country/country.00095.au": {"class": "country", "fold": ["train", "train", "val"], "label": 2}, "genres/reggae/reggae.00061.au": {"class": "reggae", "fold": ["train", "train", "val"], "label": 8}, "genres/blues/blues.00001.au": {"class": "blues", "fold": ["train", "val", "train"], "label": 0}, "genres/rock/rock.00088.au": {"class": "rock", "fold": ["val", "train", "train"], "label": 9}, "genres/hiphop/hiphop.00099.au": {"class": "hiphop", "fold": ["train", "train", "val"], "label": 4}, "genres/country/country.00020.au": {"class": "country", "fold": ["val", "train", "train"], "label": 2}, "genres/blues/blues.00030.au": {"class": "blues", "fold": ["train", "train", "val"], "label": 0}, "genres/pop/pop.00052.au": {"class": "pop", "fold": ["train", "train", "val"], "label": 7}, "genres/disco/disco.00084.au": {"class": "disco", "fold": ["train", "train", "val"], "label": 3}, "genres/pop/pop.00040.au": {"class": "pop", "fold": ["val", "train", "train"], "label": 7}, "genres/classical/classical.00010.au": {"class": "classical", "fold": ["val", "train", "train"], "label": 1}, "genres/metal/metal.00010.au": {"class": "metal", "fold": ["val", "train", "train"], "label": 6}, "genres/metal/metal.00078.au": {"class": "metal", "fold": ["train", "val", "train"], "label": 6}, "genres/rock/rock.00058.au": {"class": "rock", "fold": ["train", "val", "train"], "label": 9}, "genres/jazz/jazz.00091.au": {"class": "jazz", "fold": ["train", "train", "val"], "label": 5}, "genres/disco/disco.00081.au": {"class": "disco", "fold": ["train", "train", "val"], "label": 3}, "genres/hiphop/hiphop.00059.au": {"class": "hiphop", "fold": ["train", "val", "train"], "label": 4}, "genres/disco/disco.00071.au": {"class": "disco", "fold": ["train", "val", "train"], "label": 3}, "genres/reggae/reggae.00099.au": {"class": "reggae", "fold": ["train", "train", "val"], "label": 8}, "genres/disco/disco.00001.au": {"class": "disco", "fold": ["val", "train", "train"], "label": 3}, "genres/blues/blues.00019.au": {"class": "blues", "fold": ["val", "train", "train"], "label": 0}, "genres/hiphop/hiphop.00032.au": {"class": "hiphop", "fold": ["train", "val", "train"], "label": 4}, "genres/hiphop/hiphop.00021.au": {"class": "hiphop", "fold": ["val", "train", "train"], "label": 4}, "genres/disco/disco.00046.au": {"class": "disco", "fold": ["train", "val", "train"], "label": 3}, "genres/classical/classical.00089.au": {"class": "classical", "fold": ["train", "train", "val"], "label": 1}, "genres/rock/rock.00055.au": {"class": "rock", "fold": ["train", "val", "train"], "label": 9}, "genres/country/country.00051.au": {"class": "country", "fold": ["train", "train", "val"], "label": 2}, "genres/hiphop/hiphop.00056.au": {"class": "hiphop", "fold": ["train", "val", "train"], "label": 4}, "genres/metal/metal.00090.au": {"class": "metal", "fold": ["train", "train", "val"], "label": 6}, "genres/pop/pop.00033.au": {"class": "pop", "fold": ["train", "val", "train"], "label": 7}, "genres/disco/disco.00000.au": {"class": "disco", "fold": ["val", "train", "train"], "label": 3}, "genres/blues/blues.00050.au": {"class": "blues", "fold": ["train", "train", "val"], "label": 0}, "genres/disco/disco.00029.au": {"class": "disco", "fold": ["train", "val", "train"], "label": 3}, "genres/rock/rock.00034.au": {"class": "rock", "fold": ["train", "train", "val"], "label": 9}, "genres/jazz/jazz.00050.au": {"class": "jazz", "fold": ["train", "val", "train"], "label": 5}, "genres/classical/classical.00077.au": {"class": "classical", "fold": ["train", "train", "val"], "label": 1}, "genres/pop/pop.00012.au": {"class": "pop", "fold": ["val", "train", "train"], "label": 7}, "genres/metal/metal.00073.au": {"class": "metal", "fold": ["train", "val", "train"], "label": 6}, "genres/classical/classical.00095.au": {"class": "classical", "fold": ["train", "train", "val"], "label": 1}, "genres/classical/classical.00049.au": {"class": "classical", "fold": ["train", "val", "train"], "label": 1}, "genres/metal/metal.00070.au": {"class": "metal", "fold": ["train", "train", "val"], "label": 6}, "genres/metal/metal.00022.au": {"class": "metal", "fold": ["val", "train", "train"], "label": 6}, "genres/jazz/jazz.00057.au": {"class": "jazz", "fold": ["val", "train", "train"], "label": 5}, "genres/reggae/reggae.00093.au": {"class": "reggae", "fold": ["train", "train", "val"], "label": 8}, "genres/classical/classical.00061.au": {"class": "classical", "fold": ["train", "val", "train"], "label": 1}, "genres/classical/classical.00079.au": {"class": "classical", "fold": ["train", "train", "val"], "label": 1}, "genres/country/country.00021.au": {"class": "country", "fold": ["val", "train", "train"], "label": 2}, "genres/blues/blues.00057.au": {"class": "blues", "fold": ["train", "train", "val"], "label": 0}, "genres/rock/rock.00073.au": {"class": "rock", "fold": ["train", "train", "val"], "label": 9}, "genres/rock/rock.00045.au": {"class": "rock", "fold": ["train", "val", "train"], "label": 9}, "genres/pop/pop.00061.au": {"class": "pop", "fold": ["train", "train", "val"], "label": 7}, "genres/country/country.00059.au": {"class": "country", "fold": ["train", "train", "val"], "label": 2}, "genres/disco/disco.00052.au": {"class": "disco", "fold": ["train", "val", "train"], "label": 3}, "genres/reggae/reggae.00028.au": {"class": "reggae", "fold": ["train", "val", "train"], "label": 8}, "genres/blues/blues.00088.au": {"class": "blues", "fold": ["val", "train", "train"], "label": 0}, "genres/classical/classical.00004.au": {"class": "classical", "fold": ["val", "train", "train"], "label": 1}, "genres/disco/disco.00023.au": {"class": "disco", "fold": ["val", "train", "train"], "label": 3}, "genres/blues/blues.00048.au": {"class": "blues", "fold": ["train", "val", "train"], "label": 0}, "genres/pop/pop.00066.au": {"class": "pop", "fold": ["train", "train", "val"], "label": 7}, "genres/metal/metal.00086.au": {"class": "metal", "fold": ["train", "train", "val"], "label": 6}, "genres/reggae/reggae.00008.au": {"class": "reggae", "fold": ["val", "train", "train"], "label": 8}, "genres/reggae/reggae.00006.au": {"class": "reggae", "fold": ["val", "train", "train"], "label": 8}, "genres/reggae/reggae.00030.au": {"class": "reggae", "fold": ["train", "val", "train"], "label": 8}, "genres/disco/disco.00039.au": {"class": "disco", "fold": ["train", "val", "train"], "label": 3}, "genres/jazz/jazz.00007.au": {"class": "jazz", "fold": ["train", "val", "train"], "label": 5}, "genres/pop/pop.00099.au": {"class": "pop", "fold": ["val", "train", "train"], "label": 7}, "genres/disco/disco.00048.au": {"class": "disco", "fold": ["train", "val", "train"], "label": 3}, "genres/country/country.00057.au": {"class": "country", "fold": ["train", "train", "val"], "label": 2}, "genres/disco/disco.00067.au": {"class": "disco", "fold": ["train", "train", "val"], "label": 3}, "genres/country/country.00060.au": {"class": "country", "fold": ["train", "train", "val"], "label": 2}, "genres/metal/metal.00033.au": {"class": "metal", "fold": ["train", "val", "train"], "label": 6}, "genres/blues/blues.00059.au": {"class": "blues", "fold": ["train", "train", "val"], "label": 0}, "genres/rock/rock.00091.au": {"class": "rock", "fold": ["train", "train", "val"], "label": 9}, "genres/metal/metal.00046.au": {"class": "metal", "fold": ["train", "train", "val"], "label": 6}, "genres/blues/blues.00080.au": {"class": "blues", "fold": ["train", "val", "train"], "label": 0}, "genres/country/country.00041.au": {"class": "country", "fold": ["train", "val", "train"], "label": 2}, "genres/rock/rock.00054.au": {"class": "rock", "fold": ["train", "val", "train"], "label": 9}, "genres/blues/blues.00069.au": {"class": "blues", "fold": ["train", "train", "val"], "label": 0}, "genres/hiphop/hiphop.00001.au": {"class": "hiphop", "fold": ["val", "train", "train"], "label": 4}, "genres/reggae/reggae.00096.au": {"class": "reggae", "fold": ["train", "train", "val"], "label": 8}, "genres/jazz/jazz.00011.au": {"class": "jazz", "fold": ["val", "train", "train"], "label": 5}, "genres/rock/rock.00023.au": {"class": "rock", "fold": ["val", "train", "train"], "label": 9}, "genres/metal/metal.00091.au": {"class": "metal", "fold": ["train", "train", "val"], "label": 6}, "genres/hiphop/hiphop.00069.au": {"class": "hiphop", "fold": ["train", "train", "val"], "label": 4}, "genres/classical/classical.00080.au": {"class": "classical", "fold": ["train", "train", "val"], "label": 1}, "genres/country/country.00008.au": {"class": "country", "fold": ["val", "train", "train"], "label": 2}, "genres/disco/disco.00028.au": {"class": "disco", "fold": ["val", "train", "train"], "label": 3}, "genres/pop/pop.00079.au": {"class": "pop", "fold": ["train", "train", "val"], "label": 7}, "genres/metal/metal.00035.au": {"class": "metal", "fold": ["train", "val", "train"], "label": 6}, "genres/country/country.00066.au": {"class": "country", "fold": ["train", "val", "train"], "label": 2}, "genres/hiphop/hiphop.00003.au": {"class": "hiphop", "fold": ["val", "train", "train"], "label": 4}, "genres/hiphop/hiphop.00048.au": {"class": "hiphop", "fold": ["train", "val", "train"], "label": 4}, "genres/hiphop/hiphop.00042.au": {"class": "hiphop", "fold": ["val", "train", "train"], "label": 4}, "genres/hiphop/hiphop.00006.au": {"class": "hiphop", "fold": ["val", "train", "train"], "label": 4}, "genres/reggae/reggae.00002.au": {"class": "reggae", "fold": ["val", "train", "train"], "label": 8}, "genres/blues/blues.00074.au": {"class": "blues", "fold": ["train", "val", "train"], "label": 0}, "genres/disco/disco.00057.au": {"class": "disco", "fold": ["train", "val", "train"], "label": 3}, "genres/reggae/reggae.00067.au": {"class": "reggae", "fold": ["train", "val", "train"], "label": 8}, "genres/classical/classical.00091.au": {"class": "classical", "fold": ["train", "train", "val"], "label": 1}, "genres/reggae/reggae.00072.au": {"class": "reggae", "fold": ["train", "train", "val"], "label": 8}, "genres/country/country.00056.au": {"class": "country", "fold": ["train", "train", "val"], "label": 2}, "genres/disco/disco.00069.au": {"class": "disco", "fold": ["train", "val", "train"], "label": 3}, "genres/disco/disco.00073.au": {"class": "disco", "fold": ["train", "val", "train"], "label": 3}, "genres/jazz/jazz.00015.au": {"class": "jazz", "fold": ["val", "train", "train"], "label": 5}, "genres/metal/metal.00002.au": {"class": "metal", "fold": ["val", "train", "train"], "label": 6}, "genres/rock/rock.00028.au": {"class": "rock", "fold": ["train", "train", "val"], "label": 9}, "genres/pop/pop.00089.au": {"class": "pop", "fold": ["val", "train", "train"], "label": 7}, "genres/reggae/reggae.00066.au": {"class": "reggae", "fold": ["train", "val", "train"], "label": 8}, "genres/country/country.00064.au": {"class": "country", "fold": ["train", "train", "val"], "label": 2}, "genres/jazz/jazz.00082.au": {"class": "jazz", "fold": ["train", "train", "val"], "label": 5}, "genres/classical/classical.00017.au": {"class": "classical", "fold": ["val", "train", "train"], "label": 1}, "genres/jazz/jazz.00078.au": {"class": "jazz", "fold": ["train", "train", "val"], "label": 5}, "genres/metal/metal.00047.au": {"class": "metal", "fold": ["train", "train", "val"], "label": 6}, "genres/metal/metal.00088.au": {"class": "metal", "fold": ["train", "train", "val"], "label": 6}, "genres/pop/pop.00007.au": {"class": "pop", "fold": ["val", "train", "train"], "label": 7}, "genres/blues/blues.00097.au": {"class": "blues", "fold": ["val", "train", "train"], "label": 0}, "genres/reggae/reggae.00025.au": {"class": "reggae", "fold": ["val", "train", "train"], "label": 8}, "genres/rock/rock.00052.au": {"class": "rock", "fold": ["train", "val", "train"], "label": 9}, "genres/jazz/jazz.00039.au": {"class": "jazz", "fold": ["val", "train", "train"], "label": 5}, "genres/classical/classical.00083.au": {"class": "classical", "fold": ["train", "train", "val"], "label": 1}, "genres/disco/disco.00065.au": {"class": "disco", "fold": ["train", "train", "val"], "label": 3}, "genres/country/country.00037.au": {"class": "country", "fold": ["train", "val", "train"], "label": 2}, "genres/rock/rock.00025.au": {"class": "rock", "fold": ["val", "train", "train"], "label": 9}, "genres/country/country.00087.au": {"class": "country", "fold": ["train", "train", "val"], "label": 2}, "genres/blues/blues.00077.au": {"class": "blues", "fold": ["train", "val", "train"], "label": 0}, "genres/classical/classical.00058.au": {"class": "classical", "fold": ["train", "val", "train"], "label": 1}, "genres/country/country.00015.au": {"class": "country", "fold": ["val", "train", "train"], "label": 2}, "genres/hiphop/hiphop.00026.au": {"class": "hiphop", "fold": ["val", "train", "train"], "label": 4}, "genres/pop/pop.00068.au": {"class": "pop", "fold": ["train", "train", "val"], "label": 7}, "genres/jazz/jazz.00080.au": {"class": "jazz", "fold": ["train", "train", "val"], "label": 5}, "genres/metal/metal.00076.au": {"class": "metal", "fold": ["train", "train", "val"], "label": 6}, "genres/pop/pop.00009.au": {"class": "pop", "fold": ["val", "train", "train"], "label": 7}, "genres/reggae/reggae.00009.au": {"class": "reggae", "fold": ["val", "train", "train"], "label": 8}, "genres/pop/pop.00051.au": {"class": "pop", "fold": ["train", "train", "val"], "label": 7}, "genres/hiphop/hiphop.00040.au": {"class": "hiphop", "fold": ["train", "val", "train"], "label": 4}, "genres/reggae/reggae.00047.au": {"class": "reggae", "fold": ["train", "val", "train"], "label": 8}, "genres/rock/rock.00048.au": {"class": "rock", "fold": ["train", "val", "train"], "label": 9}, "genres/rock/rock.00027.au": {"class": "rock", "fold": ["val", "train", "train"], "label": 9}, "genres/blues/blues.00012.au": {"class": "blues", "fold": ["val", "train", "train"], "label": 0}, "genres/hiphop/hiphop.00037.au": {"class": "hiphop", "fold": ["train", "val", "train"], "label": 4}, "genres/reggae/reggae.00064.au": {"class": "reggae", "fold": ["train", "val", "train"], "label": 8}, "genres/rock/rock.00000.au": {"class": "rock", "fold": ["val", "train", "train"], "label": 9}, "genres/pop/pop.00078.au": {"class": "pop", "fold": ["train", "val", "train"], "label": 7}, "genres/metal/metal.00083.au": {"class": "metal", "fold": ["train", "val", "train"], "label": 6}, "genres/classical/classical.00045.au": {"class": "classical", "fold": ["train", "val", "train"], "label": 1}, "genres/jazz/jazz.00013.au": {"class": "jazz", "fold": ["val", "train", "train"], "label": 5}, "genres/metal/metal.00069.au": {"class": "metal", "fold": ["train", "train", "val"], "label": 6}, "genres/metal/metal.00030.au": {"class": "metal", "fold": ["train", "val", "train"], "label": 6}, "genres/metal/metal.00015.au": {"class": "metal", "fold": ["val", "train", "train"], "label": 6}, "genres/rock/rock.00047.au": {"class": "rock", "fold": ["train", "val", "train"], "label": 9}, "genres/reggae/reggae.00017.au": {"class": "reggae", "fold": ["val", "train", "train"], "label": 8}, "genres/country/country.00073.au": {"class": "country", "fold": ["train", "val", "train"], "label": 2}, "genres/blues/blues.00043.au": {"class": "blues", "fold": ["train", "val", "train"], "label": 0}, "genres/hiphop/hiphop.00071.au": {"class": "hiphop", "fold": ["train", "train", "val"], "label": 4}, "genres/country/country.00028.au": {"class": "country", "fold": ["val", "train", "train"], "label": 2}, "genres/blues/blues.00070.au": {"class": "blues", "fold": ["train", "train", "val"], "label": 0}, "genres/metal/metal.00052.au": {"class": "metal", "fold": ["train", "train", "val"], "label": 6}, "genres/reggae/reggae.00059.au": {"class": "reggae", "fold": ["val", "train", "train"], "label": 8}, "genres/country/country.00085.au": {"class": "country", "fold": ["train", "train", "val"], "label": 2}, "genres/country/country.00077.au": {"class": "country", "fold": ["train", "val", "train"], "label": 2}, "genres/blues/blues.00083.au": {"class": "blues", "fold": ["train", "val", "train"], "label": 0}, "genres/reggae/reggae.00029.au": {"class": "reggae", "fold": ["train", "val", "train"], "label": 8}, "genres/reggae/reggae.00083.au": {"class": "reggae", "fold": ["train", "train", "val"], "label": 8}, "genres/country/country.00070.au": {"class": "country", "fold": ["train", "val", "train"], "label": 2}, "genres/blues/blues.00076.au": {"class": "blues", "fold": ["train", "val", "train"], "label": 0}, "genres/hiphop/hiphop.00044.au": {"class": "hiphop", "fold": ["train", "val", "train"], "label": 4}, "genres/metal/metal.00093.au": {"class": "metal", "fold": ["val", "train", "train"], "label": 6}, "genres/country/country.00065.au": {"class": "country", "fold": ["train", "val", "train"], "label": 2}, "genres/jazz/jazz.00044.au": {"class": "jazz", "fold": ["val", "train", "train"], "label": 5}, "genres/pop/pop.00030.au": {"class": "pop", "fold": ["train", "val", "train"], "label": 7}, "genres/hiphop/hiphop.00072.au": {"class": "hiphop", "fold": ["train", "train", "val"], "label": 4}, "genres/classical/classical.00026.au": {"class": "classical", "fold": ["val", "train", "train"], "label": 1}, "genres/rock/rock.00089.au": {"class": "rock", "fold": ["val", "train", "train"], "label": 9}, "genres/disco/disco.00044.au": {"class": "disco", "fold": ["train", "train", "val"], "label": 3}, "genres/reggae/reggae.00019.au": {"class": "reggae", "fold": ["val", "train", "train"], "label": 8}, "genres/disco/disco.00090.au": {"class": "disco", "fold": ["train", "train", "val"], "label": 3}, "genres/pop/pop.00000.au": {"class": "pop", "fold": ["val", "train", "train"], "label": 7}, "genres/hiphop/hiphop.00089.au": {"class": "hiphop", "fold": ["train", "train", "val"], "label": 4}, "genres/rock/rock.00067.au": {"class": "rock", "fold": ["train", "val", "train"], "label": 9}, "genres/metal/metal.00071.au": {"class": "metal", "fold": ["train", "train", "val"], "label": 6}, "genres/classical/classical.00035.au": {"class": "classical", "fold": ["train", "val", "train"], "label": 1}, "genres/hiphop/hiphop.00086.au": {"class": "hiphop", "fold": ["train", "train", "val"], "label": 4}, "genres/country/country.00069.au": {"class": "country", "fold": ["train", "val", "train"], "label": 2}, "genres/classical/classical.00012.au": {"class": "classical", "fold": ["val", "train", "train"], "label": 1}, "genres/jazz/jazz.00004.au": {"class": "jazz", "fold": ["train", "val", "train"], "label": 5}, "genres/pop/pop.00042.au": {"class": "pop", "fold": ["train", "val", "train"], "label": 7}, "genres/metal/metal.00068.au": {"class": "metal", "fold": ["train", "train", "val"], "label": 6}, "genres/jazz/jazz.00064.au": {"class": "jazz", "fold": ["train", "train", "val"], "label": 5}, "genres/classical/classical.00072.au": {"class": "classical", "fold": ["train", "train", "val"], "label": 1}, "genres/metal/metal.00041.au": {"class": "metal", "fold": ["train", "val", "train"], "label": 6}, "genres/country/country.00089.au": {"class": "country", "fold": ["train", "train", "val"], "label": 2}, "genres/rock/rock.00096.au": {"class": "rock", "fold": ["train", "train", "val"], "label": 9}, "genres/classical/classical.00007.au": {"class": "classical", "fold": ["val", "train", "train"], "label": 1}, "genres/reggae/reggae.00015.au": {"class": "reggae", "fold": ["val", "train", "train"], "label": 8}, "genres/classical/classical.00064.au": {"class": "classical", "fold": ["train", "val", "train"], "label": 1}, "genres/pop/pop.00017.au": {"class": "pop", "fold": ["train", "val", "train"], "label": 7}, "genres/rock/rock.00019.au": {"class": "rock", "fold": ["val", "train", "train"], "label": 9}, "genres/country/country.00096.au": {"class": "country", "fold": ["train", "train", "val"], "label": 2}, "genres/blues/blues.00085.au": {"class": "blues", "fold": ["val", "train", "train"], "label": 0}, "genres/rock/rock.00033.au": {"class": "rock", "fold": ["train", "train", "val"], "label": 9}, "genres/country/country.00088.au": {"class": "country", "fold": ["train", "train", "val"], "label": 2}, "genres/country/country.00002.au": {"class": "country", "fold": ["val", "train", "train"], "label": 2}, "genres/disco/disco.00022.au": {"class": "disco", "fold": ["val", "train", "train"], "label": 3}, "genres/hiphop/hiphop.00073.au": {"class": "hiphop", "fold": ["train", "train", "val"], "label": 4}, "genres/classical/classical.00034.au": {"class": "classical", "fold": ["train", "val", "train"], "label": 1}, "genres/blues/blues.00024.au": {"class": "blues", "fold": ["val", "train", "train"], "label": 0}, "genres/rock/rock.00037.au": {"class": "rock", "fold": ["train", "train", "val"], "label": 9}, "genres/classical/classical.00031.au": {"class": "classical", "fold": ["val", "train", "train"], "label": 1}, "genres/pop/pop.00006.au": {"class": "pop", "fold": ["val", "train", "train"], "label": 7}, "genres/blues/blues.00020.au": {"class": "blues", "fold": ["val", "train", "train"], "label": 0}, "genres/disco/disco.00041.au": {"class": "disco", "fold": ["train", "val", "train"], "label": 3}, "genres/country/country.00045.au": {"class": "country", "fold": ["train", "val", "train"], "label": 2}, "genres/classical/classical.00096.au": {"class": "classical", "fold": ["train", "train", "val"], "label": 1}, "genres/disco/disco.00038.au": {"class": "disco", "fold": ["val", "train", "train"], "label": 3}, "genres/jazz/jazz.00041.au": {"class": "jazz", "fold": ["val", "train", "train"], "label": 5}, "genres/classical/classical.00043.au": {"class": "classical", "fold": ["train", "val", "train"], "label": 1}, "genres/blues/blues.00055.au": {"class": "blues", "fold": ["train", "train", "val"], "label": 0}, "genres/reggae/reggae.00051.au": {"class": "reggae", "fold": ["train", "train", "val"], "label": 8}, "genres/jazz/jazz.00040.au": {"class": "jazz", "fold": ["val", "train", "train"], "label": 5}, "genres/classical/classical.00071.au": {"class": "classical", "fold": ["train", "train", "val"], "label": 1}, "genres/classical/classical.00027.au": {"class": "classical", "fold": ["val", "train", "train"], "label": 1}, "genres/classical/classical.00065.au": {"class": "classical", "fold": ["train", "val", "train"], "label": 1}, "genres/country/country.00044.au": {"class": "country", "fold": ["train", "val", "train"], "label": 2}, "genres/blues/blues.00036.au": {"class": "blues", "fold": ["train", "train", "val"], "label": 0}, "genres/disco/disco.00047.au": {"class": "disco", "fold": ["train", "val", "train"], "label": 3}, "genres/disco/disco.00068.au": {"class": "disco", "fold": ["train", "train", "val"], "label": 3}, "genres/pop/pop.00021.au": {"class": "pop", "fold": ["train", "val", "train"], "label": 7}, "genres/reggae/reggae.00036.au": {"class": "reggae", "fold": ["train", "val", "train"], "label": 8}, "genres/rock/rock.00072.au": {"class": "rock", "fold": ["train", "train", "val"], "label": 9}, "genres/blues/blues.00022.au": {"class": "blues", "fold": ["val", "train", "train"], "label": 0}, "genres/country/country.00016.au": {"class": "country", "fold": ["val", "train", "train"], "label": 2}, "genres/pop/pop.00010.au": {"class": "pop", "fold": ["val", "train", "train"], "label": 7}, "genres/hiphop/hiphop.00082.au": {"class": "hiphop", "fold": ["train", "train", "val"], "label": 4}, "genres/pop/pop.00029.au": {"class": "pop", "fold": ["train", "val", "train"], "label": 7}, "genres/pop/pop.00092.au": {"class": "pop", "fold": ["val", "train", "train"], "label": 7}, "genres/reggae/reggae.00062.au": {"class": "reggae", "fold": ["train", "train", "val"], "label": 8}, "genres/country/country.00054.au": {"class": "country", "fold": ["train", "train", "val"], "label": 2}, "genres/country/country.00050.au": {"class": "country", "fold": ["train", "train", "val"], "label": 2}, "genres/jazz/jazz.00037.au": {"class": "jazz", "fold": ["val", "train", "train"], "label": 5}, "genres/classical/classical.00081.au": {"class": "classical", "fold": ["train", "train", "val"], "label": 1}, "genres/disco/disco.00054.au": {"class": "disco", "fold": ["train", "val", "train"], "label": 3}, "genres/disco/disco.00013.au": {"class": "disco", "fold": ["val", "train", "train"], "label": 3}, "genres/metal/metal.00099.au": {"class": "metal", "fold": ["train", "val", "train"], "label": 6}, "genres/country/country.00009.au": {"class": "country", "fold": ["val", "train", "train"], "label": 2}, "genres/reggae/reggae.00041.au": {"class": "reggae", "fold": ["train", "val", "train"], "label": 8}, "genres/hiphop/hiphop.00070.au": {"class": "hiphop", "fold": ["train", "train", "val"], "label": 4}, "genres/reggae/reggae.00000.au": {"class": "reggae", "fold": ["val", "train", "train"], "label": 8}, "genres/country/country.00019.au": {"class": "country", "fold": ["train", "val", "train"], "label": 2}, "genres/rock/rock.00036.au": {"class": "rock", "fold": ["train", "train", "val"], "label": 9}, "genres/reggae/reggae.00070.au": {"class": "reggae", "fold": ["train", "train", "val"], "label": 8}, "genres/pop/pop.00053.au": {"class": "pop", "fold": ["train", "train", "val"], "label": 7}, "genres/rock/rock.00068.au": {"class": "rock", "fold": ["train", "val", "train"], "label": 9}, "genres/reggae/reggae.00076.au": {"class": "reggae", "fold": ["train", "train", "val"], "label": 8}, "genres/rock/rock.00024.au": {"class": "rock", "fold": ["val", "train", "train"], "label": 9}, "genres/blues/blues.00000.au": {"class": "blues", "fold": ["train", "val", "train"], "label": 0}, "genres/hiphop/hiphop.00094.au": {"class": "hiphop", "fold": ["train", "train", "val"], "label": 4}, "genres/metal/metal.00048.au": {"class": "metal", "fold": ["train", "train", "val"], "label": 6}, "genres/country/country.00000.au": {"class": "country", "fold": ["val", "train", "train"], "label": 2}, "genres/rock/rock.00095.au": {"class": "rock", "fold": ["train", "train", "val"], "label": 9}, "genres/country/country.00079.au": {"class": "country", "fold": ["train", "val", "train"], "label": 2}, "genres/rock/rock.00039.au": {"class": "rock", "fold": ["train", "val", "train"], "label": 9}, "genres/reggae/reggae.00075.au": {"class": "reggae", "fold": ["train", "train", "val"], "label": 8}, "genres/hiphop/hiphop.00079.au": {"class": "hiphop", "fold": ["train", "train", "val"], "label": 4}, "genres/metal/metal.00057.au": {"class": "metal", "fold": ["train", "train", "val"], "label": 6}, "genres/metal/metal.00056.au": {"class": "metal", "fold": ["train", "train", "val"], "label": 6}, "genres/classical/classical.00093.au": {"class": "classical", "fold": ["train", "train", "val"], "label": 1}, "genres/hiphop/hiphop.00091.au": {"class": "hiphop", "fold": ["train", "train", "val"], "label": 4}, "genres/hiphop/hiphop.00004.au": {"class": "hiphop", "fold": ["val", "train", "train"], "label": 4}, "genres/classical/classical.00051.au": {"class": "classical", "fold": ["train", "val", "train"], "label": 1}, "genres/pop/pop.00047.au": {"class": "pop", "fold": ["train", "train", "val"], "label": 7}, "genres/metal/metal.00018.au": {"class": "metal", "fold": ["val", "train", "train"], "label": 6}, "genres/jazz/jazz.00003.au": {"class": "jazz", "fold": ["train", "val", "train"], "label": 5}, "genres/rock/rock.00050.au": {"class": "rock", "fold": ["train", "val", "train"], "label": 9}, "genres/rock/rock.00026.au": {"class": "rock", "fold": ["val", "train", "train"], "label": 9}, "genres/disco/disco.00050.au": {"class": "disco", "fold": ["train", "val", "train"], "label": 3}, "genres/classical/classical.00062.au": {"class": "classical", "fold": ["train", "val", "train"], "label": 1}, "genres/classical/classical.00019.au": {"class": "classical", "fold": ["val", "train", "train"], "label": 1}, "genres/jazz/jazz.00035.au": {"class": "jazz", "fold": ["val", "train", "train"], "label": 5}, "genres/reggae/reggae.00040.au": {"class": "reggae", "fold": ["train", "val", "train"], "label": 8}, "genres/hiphop/hiphop.00067.au": {"class": "hiphop", "fold": ["train", "train", "val"], "label": 4}, "genres/country/country.00039.au": {"class": "country", "fold": ["train", "val", "train"], "label": 2}, "genres/reggae/reggae.00001.au": {"class": "reggae", "fold": ["val", "train", "train"], "label": 8}, "genres/blues/blues.00004.au": {"class": "blues", "fold": ["train", "val", "train"], "label": 0}, "genres/rock/rock.00099.au": {"class": "rock", "fold": ["train", "train", "val"], "label": 9}, "genres/rock/rock.00062.au": {"class": "rock", "fold": ["train", "val", "train"], "label": 9}, "genres/country/country.00097.au": {"class": "country", "fold": ["train", "train", "val"], "label": 2}, "genres/reggae/reggae.00078.au": {"class": "reggae", "fold": ["train", "train", "val"], "label": 8}, "genres/pop/pop.00084.au": {"class": "pop", "fold": ["train", "train", "val"], "label": 7}, "genres/blues/blues.00086.au": {"class": "blues", "fold": ["val", "train", "train"], "label": 0}, "genres/jazz/jazz.00000.au": {"class": "jazz", "fold": ["train", "val", "train"], "label": 5}, "genres/rock/rock.00080.au": {"class": "rock", "fold": ["train", "train", "val"], "label": 9}, "genres/disco/disco.00008.au": {"class": "disco", "fold": ["val", "train", "train"], "label": 3}, "genres/reggae/reggae.00088.au": {"class": "reggae", "fold": ["train", "train", "val"], "label": 8}, "genres/hiphop/hiphop.00012.au": {"class": "hiphop", "fold": ["val", "train", "train"], "label": 4}, "genres/rock/rock.00066.au": {"class": "rock", "fold": ["train", "val", "train"], "label": 9}, "genres/metal/metal.00043.au": {"class": "metal", "fold": ["train", "val", "train"], "label": 6}, "genres/blues/blues.00062.au": {"class": "blues", "fold": ["train", "train", "val"], "label": 0}, "genres/country/country.00012.au": {"class": "country", "fold": ["val", "train", "train"], "label": 2}, "genres/jazz/jazz.00025.au": {"class": "jazz", "fold": ["train", "val", "train"], "label": 5}, "genres/blues/blues.00089.au": {"class": "blues", "fold": ["val", "train", "train"], "label": 0}, "genres/rock/rock.00035.au": {"class": "rock", "fold": ["train", "train", "val"], "label": 9}, "genres/metal/metal.00006.au": {"class": "metal", "fold": ["val", "train", "train"], "label": 6}, "genres/jazz/jazz.00017.au": {"class": "jazz", "fold": ["val", "train", "train"], "label": 5}, "genres/rock/rock.00014.au": {"class": "rock", "fold": ["val", "train", "train"], "label": 9}, "genres/pop/pop.00075.au": {"class": "pop", "fold": ["train", "val", "train"], "label": 7}, "genres/disco/disco.00096.au": {"class": "disco", "fold": ["train", "train", "val"], "label": 3}, "genres/pop/pop.00054.au": {"class": "pop", "fold": ["train", "train", "val"], "label": 7}, "genres/country/country.00035.au": {"class": "country", "fold": ["val", "train", "train"], "label": 2}, "genres/reggae/reggae.00037.au": {"class": "reggae", "fold": ["train", "val", "train"], "label": 8}, "genres/pop/pop.00093.au": {"class": "pop", "fold": ["val", "train", "train"], "label": 7}, "genres/blues/blues.00008.au": {"class": "blues", "fold": ["train", "val", "train"], "label": 0}, "genres/disco/disco.00080.au": {"class": "disco", "fold": ["train", "train", "val"], "label": 3}, "genres/metal/metal.00011.au": {"class": "metal", "fold": ["val", "train", "train"], "label": 6}, "genres/pop/pop.00035.au": {"class": "pop", "fold": ["train", "val", "train"], "label": 7}, "genres/rock/rock.00064.au": {"class": "rock", "fold": ["train", "val", "train"], "label": 9}, "genres/country/country.00006.au": {"class": "country", "fold": ["val", "train", "train"], "label": 2}, "genres/disco/disco.00014.au": {"class": "disco", "fold": ["val", "train", "train"], "label": 3}, "genres/hiphop/hiphop.00023.au": {"class": "hiphop", "fold": ["val", "train", "train"], "label": 4}, "genres/jazz/jazz.00010.au": {"class": "jazz", "fold": ["train", "val", "train"], "label": 5}, "genres/country/country.00074.au": {"class": "country", "fold": ["train", "val", "train"], "label": 2}, "genres/hiphop/hiphop.00088.au": {"class": "hiphop", "fold": ["train", "train", "val"], "label": 4}, "genres/metal/metal.00009.au": {"class": "metal", "fold": ["val", "train", "train"], "label": 6}, "genres/pop/pop.00055.au": {"class": "pop", "fold": ["train", "train", "val"], "label": 7}, "genres/disco/disco.00093.au": {"class": "disco", "fold": ["train", "train", "val"], "label": 3}, "genres/disco/disco.00040.au": {"class": "disco", "fold": ["train", "val", "train"], "label": 3}, "genres/blues/blues.00029.au": {"class": "blues", "fold": ["train", "train", "val"], "label": 0}, "genres/blues/blues.00014.au": {"class": "blues", "fold": ["val", "train", "train"], "label": 0}, "genres/reggae/reggae.00087.au": {"class": "reggae", "fold": ["train", "train", "val"], "label": 8}, "genres/blues/blues.00017.au": {"class": "blues", "fold": ["val", "train", "train"], "label": 0}, "genres/disco/disco.00042.au": {"class": "disco", "fold": ["train", "val", "train"], "label": 3}, "genres/reggae/reggae.00018.au": {"class": "reggae", "fold": ["val", "train", "train"], "label": 8}, "genres/jazz/jazz.00087.au": {"class": "jazz", "fold": ["train", "train", "val"], "label": 5}, "genres/jazz/jazz.00046.au": {"class": "jazz", "fold": ["val", "train", "train"], "label": 5}, "genres/country/country.00052.au": {"class": "country", "fold": ["train", "train", "val"], "label": 2}, "genres/pop/pop.00086.au": {"class": "pop", "fold": ["train", "train", "val"], "label": 7}, "genres/rock/rock.00090.au": {"class": "rock", "fold": ["val", "train", "train"], "label": 9}, "genres/classical/classical.00033.au": {"class": "classical", "fold": ["val", "train", "train"], "label": 1}, "genres/pop/pop.00024.au": {"class": "pop", "fold": ["train", "val", "train"], "label": 7}, "genres/reggae/reggae.00005.au": {"class": "reggae", "fold": ["val", "train", "train"], "label": 8}, "genres/country/country.00029.au": {"class": "country", "fold": ["val", "train", "train"], "label": 2}, "genres/rock/rock.00004.au": {"class": "rock", "fold": ["val", "train", "train"], "label": 9}, "genres/country/country.00094.au": {"class": "country", "fold": ["train", "train", "val"], "label": 2}, "genres/disco/disco.00091.au": {"class": "disco", "fold": ["train", "train", "val"], "label": 3}, "genres/rock/rock.00059.au": {"class": "rock", "fold": ["train", "val", "train"], "label": 9}, "genres/metal/metal.00092.au": {"class": "metal", "fold": ["val", "train", "train"], "label": 6}, "genres/classical/classical.00036.au": {"class": "classical", "fold": ["train", "val", "train"], "label": 1}, "genres/pop/pop.00041.au": {"class": "pop", "fold": ["train", "val", "train"], "label": 7}, "genres/classical/classical.00078.au": {"class": "classical", "fold": ["train", "train", "val"], "label": 1}, "genres/classical/classical.00002.au": {"class": "classical", "fold": ["val", "train", "train"], "label": 1}, "genres/blues/blues.00013.au": {"class": "blues", "fold": ["val", "train", "train"], "label": 0}, "genres/reggae/reggae.00012.au": {"class": "reggae", "fold": ["val", "train", "train"], "label": 8}, "genres/country/country.00042.au": {"class": "country", "fold": ["train", "val", "train"], "label": 2}, "genres/classical/classical.00053.au": {"class": "classical", "fold": ["train", "val", "train"], "label": 1}, "genres/hiphop/hiphop.00051.au": {"class": "hiphop", "fold": ["train", "val", "train"], "label": 4}, "genres/classical/classical.00050.au": {"class": "classical", "fold": ["train", "val", "train"], "label": 1}, "genres/metal/metal.00085.au": {"class": "metal", "fold": ["train", "train", "val"], "label": 6}, "genres/rock/rock.00017.au": {"class": "rock", "fold": ["val", "train", "train"], "label": 9}, "genres/pop/pop.00016.au": {"class": "pop", "fold": ["train", "val", "train"], "label": 7}, "genres/reggae/reggae.00055.au": {"class": "reggae", "fold": ["train", "train", "val"], "label": 8}, "genres/classical/classical.00084.au": {"class": "classical", "fold": ["train", "train", "val"], "label": 1}, "genres/country/country.00034.au": {"class": "country", "fold": ["val", "train", "train"], "label": 2}, "genres/country/country.00075.au": {"class": "country", "fold": ["train", "val", "train"], "label": 2}, "genres/disco/disco.00045.au": {"class": "disco", "fold": ["train", "train", "val"], "label": 3}, "genres/metal/metal.00003.au": {"class": "metal", "fold": ["val", "train", "train"], "label": 6}, "genres/hiphop/hiphop.00092.au": {"class": "hiphop", "fold": ["train", "train", "val"], "label": 4}, "genres/jazz/jazz.00066.au": {"class": "jazz", "fold": ["train", "train", "val"], "label": 5}, "genres/metal/metal.00049.au": {"class": "metal", "fold": ["train", "train", "val"], "label": 6}, "genres/blues/blues.00087.au": {"class": "blues", "fold": ["val", "train", "train"], "label": 0}, "genres/pop/pop.00064.au": {"class": "pop", "fold": ["train", "train", "val"], "label": 7}, "genres/rock/rock.00074.au": {"class": "rock", "fold": ["train", "train", "val"], "label": 9}, "genres/pop/pop.00087.au": {"class": "pop", "fold": ["val", "train", "train"], "label": 7}, "genres/reggae/reggae.00094.au": {"class": "reggae", "fold": ["train", "train", "val"], "label": 8}, "genres/disco/disco.00019.au": {"class": "disco", "fold": ["val", "train", "train"], "label": 3}, "genres/country/country.00058.au": {"class": "country", "fold": ["train", "train", "val"], "label": 2}, "genres/reggae/reggae.00027.au": {"class": "reggae", "fold": ["val", "train", "train"], "label": 8}, "genres/hiphop/hiphop.00027.au": {"class": "hiphop", "fold": ["val", "train", "train"], "label": 4}, "genres/pop/pop.00027.au": {"class": "pop", "fold": ["train", "val", "train"], "label": 7}, "genres/reggae/reggae.00050.au": {"class": "reggae", "fold": ["train", "val", "train"], "label": 8}, "genres/classical/classical.00028.au": {"class": "classical", "fold": ["val", "train", "train"], "label": 1}, "genres/metal/metal.00045.au": {"class": "metal", "fold": ["train", "val", "train"], "label": 6}, "genres/pop/pop.00074.au": {"class": "pop", "fold": ["train", "val", "train"], "label": 7}, "genres/disco/disco.00088.au": {"class": "disco", "fold": ["train", "train", "val"], "label": 3}, "genres/classical/classical.00074.au": {"class": "classical", "fold": ["train", "train", "val"], "label": 1}, "genres/pop/pop.00094.au": {"class": "pop", "fold": ["val", "train", "train"], "label": 7}, "genres/rock/rock.00013.au": {"class": "rock", "fold": ["val", "train", "train"], "label": 9}, "genres/hiphop/hiphop.00052.au": {"class": "hiphop", "fold": ["train", "val", "train"], "label": 4}, "genres/hiphop/hiphop.00097.au": {"class": "hiphop", "fold": ["train", "train", "val"], "label": 4}, "genres/metal/metal.00000.au": {"class": "metal", "fold": ["val", "train", "train"], "label": 6}, "genres/blues/blues.00064.au": {"class": "blues", "fold": ["train", "train", "val"], "label": 0}, "genres/rock/rock.00006.au": {"class": "rock", "fold": ["val", "train", "train"], "label": 9}, "genres/rock/rock.00061.au": {"class": "rock", "fold": ["train", "val", "train"], "label": 9}, "genres/disco/disco.00098.au": {"class": "disco", "fold": ["train", "train", "val"], "label": 3}, "genres/disco/disco.00056.au": {"class": "disco", "fold": ["train", "val", "train"], "label": 3}, "genres/jazz/jazz.00059.au": {"class": "jazz", "fold": ["train", "val", "train"], "label": 5}, "genres/disco/disco.00085.au": {"class": "disco", "fold": ["train", "train", "val"], "label": 3}, "genres/disco/disco.00083.au": {"class": "disco", "fold": ["train", "train", "val"], "label": 3}, "genres/hiphop/hiphop.00033.au": {"class": "hiphop", "fold": ["train", "val", "train"], "label": 4}, "genres/rock/rock.00043.au": {"class": "rock", "fold": ["train", "val", "train"], "label": 9}, "genres/hiphop/hiphop.00017.au": {"class": "hiphop", "fold": ["val", "train", "train"], "label": 4}, "genres/pop/pop.00076.au": {"class": "pop", "fold": ["train", "val", "train"], "label": 7}, "genres/classical/classical.00011.au": {"class": "classical", "fold": ["val", "train", "train"], "label": 1}, "genres/jazz/jazz.00020.au": {"class": "jazz", "fold": ["val", "train", "train"], "label": 5}, "genres/reggae/reggae.00020.au": {"class": "reggae", "fold": ["val", "train", "train"], "label": 8}, "genres/blues/blues.00025.au": {"class": "blues", "fold": ["val", "train", "train"], "label": 0}, "genres/reggae/reggae.00035.au": {"class": "reggae", "fold": ["train", "val", "train"], "label": 8}, "genres/blues/blues.00098.au": {"class": "blues", "fold": ["val", "train", "train"], "label": 0}, "genres/metal/metal.00044.au": {"class": "metal", "fold": ["train", "val", "train"], "label": 6}, "genres/country/country.00026.au": {"class": "country", "fold": ["train", "val", "train"], "label": 2}, "genres/pop/pop.00004.au": {"class": "pop", "fold": ["val", "train", "train"], "label": 7}, "genres/country/country.00003.au": {"class": "country", "fold": ["val", "train", "train"], "label": 2}, "genres/metal/metal.00059.au": {"class": "metal", "fold": ["train", "val", "train"], "label": 6}, "genres/jazz/jazz.00085.au": {"class": "jazz", "fold": ["train", "train", "val"], "label": 5}, "genres/blues/blues.00067.au": {"class": "blues", "fold": ["train", "train", "val"], "label": 0}, "genres/classical/classical.00025.au": {"class": "classical", "fold": ["val", "train", "train"], "label": 1}, "genres/disco/disco.00092.au": {"class": "disco", "fold": ["train", "train", "val"], "label": 3}, "genres/reggae/reggae.00073.au": {"class": "reggae", "fold": ["train", "train", "val"], "label": 8}, "genres/reggae/reggae.00048.au": {"class": "reggae", "fold": ["train", "val", "train"], "label": 8}, "genres/jazz/jazz.00048.au": {"class": "jazz", "fold": ["train", "val", "train"], "label": 5}, "genres/country/country.00061.au": {"class": "country", "fold": ["train", "train", "val"], "label": 2}, "genres/pop/pop.00063.au": {"class": "pop", "fold": ["train", "train", "val"], "label": 7}, "genres/reggae/reggae.00038.au": {"class": "reggae", "fold": ["train", "val", "train"], "label": 8}, "genres/classical/classical.00075.au": {"class": "classical", "fold": ["train", "train", "val"], "label": 1}, "genres/hiphop/hiphop.00057.au": {"class": "hiphop", "fold": ["train", "val", "train"], "label": 4}, "genres/country/country.00062.au": {"class": "country", "fold": ["train", "train", "val"], "label": 2}, "genres/disco/disco.00055.au": {"class": "disco", "fold": ["train", "val", "train"], "label": 3}, "genres/disco/disco.00009.au": {"class": "disco", "fold": ["val", "train", "train"], "label": 3}, "genres/jazz/jazz.00049.au": {"class": "jazz", "fold": ["train", "val", "train"], "label": 5}, "genres/reggae/reggae.00011.au": {"class": "reggae", "fold": ["val", "train", "train"], "label": 8}, "genres/hiphop/hiphop.00041.au": {"class": "hiphop", "fold": ["val", "train", "train"], "label": 4}, "genres/jazz/jazz.00075.au": {"class": "jazz", "fold": ["train", "train", "val"], "label": 5}, "genres/disco/disco.00005.au": {"class": "disco", "fold": ["val", "train", "train"], "label": 3}, "genres/reggae/reggae.00026.au": {"class": "reggae", "fold": ["val", "train", "train"], "label": 8}, "genres/pop/pop.00081.au": {"class": "pop", "fold": ["train", "train", "val"], "label": 7}, "genres/pop/pop.00008.au": {"class": "pop", "fold": ["val", "train", "train"], "label": 7}, "genres/classical/classical.00086.au": {"class": "classical", "fold": ["train", "train", "val"], "label": 1}, "genres/blues/blues.00072.au": {"class": "blues", "fold": ["train", "train", "val"], "label": 0}, "genres/pop/pop.00065.au": {"class": "pop", "fold": ["train", "train", "val"], "label": 7}, "genres/jazz/jazz.00077.au": {"class": "jazz", "fold": ["train", "train", "val"], "label": 5}, "genres/classical/classical.00076.au": {"class": "classical", "fold": ["train", "train", "val"], "label": 1}, "genres/classical/classical.00098.au": {"class": "classical", "fold": ["train", "train", "val"], "label": 1}, "genres/metal/metal.00087.au": {"class": "metal", "fold": ["train", "val", "train"], "label": 6}, "genres/rock/rock.00070.au": {"class": "rock", "fold": ["train", "val", "train"], "label": 9}, "genres/reggae/reggae.00013.au": {"class": "reggae", "fold": ["val", "train", "train"], "label": 8}, "genres/metal/metal.00060.au": {"class": "metal", "fold": ["train", "val", "train"], "label": 6}, "genres/country/country.00001.au": {"class": "country", "fold": ["val", "train", "train"], "label": 2}, "genres/pop/pop.00050.au": {"class": "pop", "fold": ["train", "train", "val"], "label": 7}, "genres/hiphop/hiphop.00031.au": {"class": "hiphop", "fold": ["train", "val", "train"], "label": 4}, "genres/pop/pop.00058.au": {"class": "pop", "fold": ["train", "train", "val"], "label": 7}, "genres/hiphop/hiphop.00020.au": {"class": "hiphop", "fold": ["val", "train", "train"], "label": 4}, "genres/hiphop/hiphop.00061.au": {"class": "hiphop", "fold": ["train", "val", "train"], "label": 4}, "genres/reggae/reggae.00052.au": {"class": "reggae", "fold": ["train", "train", "val"], "label": 8}, "genres/hiphop/hiphop.00065.au": {"class": "hiphop", "fold": ["train", "val", "train"], "label": 4}, "genres/jazz/jazz.00084.au": {"class": "jazz", "fold": ["train", "train", "val"], "label": 5}, "genres/rock/rock.00011.au": {"class": "rock", "fold": ["val", "train", "train"], "label": 9}, "genres/rock/rock.00012.au": {"class": "rock", "fold": ["val", "train", "train"], "label": 9}, "genres/country/country.00038.au": {"class": "country", "fold": ["train", "val", "train"], "label": 2}, "genres/jazz/jazz.00061.au": {"class": "jazz", "fold": ["train", "val", "train"], "label": 5}, "genres/blues/blues.00003.au": {"class": "blues", "fold": ["train", "val", "train"], "label": 0}, "genres/country/country.00010.au": {"class": "country", "fold": ["val", "train", "train"], "label": 2}, "genres/country/country.00086.au": {"class": "country", "fold": ["train", "train", "val"], "label": 2}, "genres/disco/disco.00031.au": {"class": "disco", "fold": ["train", "val", "train"], "label": 3}, "genres/rock/rock.00056.au": {"class": "rock", "fold": ["train", "val", "train"], "label": 9}, "genres/classical/classical.00046.au": {"class": "classical", "fold": ["train", "val", "train"], "label": 1}, "genres/hiphop/hiphop.00090.au": {"class": "hiphop", "fold": ["train", "train", "val"], "label": 4}, "genres/disco/disco.00059.au": {"class": "disco", "fold": ["train", "val", "train"], "label": 3}, "genres/blues/blues.00037.au": {"class": "blues", "fold": ["train", "train", "val"], "label": 0}, "genres/hiphop/hiphop.00024.au": {"class": "hiphop", "fold": ["val", "train", "train"], "label": 4}, "genres/pop/pop.00034.au": {"class": "pop", "fold": ["train", "val", "train"], "label": 7}, "genres/pop/pop.00044.au": {"class": "pop", "fold": ["train", "train", "val"], "label": 7}, "genres/hiphop/hiphop.00075.au": {"class": "hiphop", "fold": ["train", "train", "val"], "label": 4}, "genres/hiphop/hiphop.00085.au": {"class": "hiphop", "fold": ["train", "train", "val"], "label": 4}, "genres/country/country.00004.au": {"class": "country", "fold": ["val", "train", "train"], "label": 2}, "genres/metal/metal.00082.au": {"class": "metal", "fold": ["train", "train", "val"], "label": 6}, "genres/country/country.00084.au": {"class": "country", "fold": ["train", "train", "val"], "label": 2}, "genres/reggae/reggae.00024.au": {"class": "reggae", "fold": ["val", "train", "train"], "label": 8}, "genres/rock/rock.00001.au": {"class": "rock", "fold": ["val", "train", "train"], "label": 9}, "genres/jazz/jazz.00074.au": {"class": "jazz", "fold": ["train", "train", "val"], "label": 5}, "genres/jazz/jazz.00056.au": {"class": "jazz", "fold": ["train", "val", "train"], "label": 5}, "genres/disco/disco.00006.au": {"class": "disco", "fold": ["val", "train", "train"], "label": 3}, "genres/rock/rock.00003.au": {"class": "rock", "fold": ["val", "train", "train"], "label": 9}, "genres/rock/rock.00084.au": {"class": "rock", "fold": ["train", "train", "val"], "label": 9}, "genres/jazz/jazz.00028.au": {"class": "jazz", "fold": ["train", "val", "train"], "label": 5}, "genres/hiphop/hiphop.00080.au": {"class": "hiphop", "fold": ["train", "train", "val"], "label": 4}, "genres/classical/classical.00016.au": {"class": "classical", "fold": ["val", "train", "train"], "label": 1}, "genres/reggae/reggae.00097.au": {"class": "reggae", "fold": ["train", "train", "val"], "label": 8}, "genres/rock/rock.00030.au": {"class": "rock", "fold": ["train", "train", "val"], "label": 9}, "genres/classical/classical.00054.au": {"class": "classical", "fold": ["train", "val", "train"], "label": 1}, "genres/country/country.00048.au": {"class": "country", "fold": ["train", "val", "train"], "label": 2}, "genres/disco/disco.00063.au": {"class": "disco", "fold": ["train", "val", "train"], "label": 3}, "genres/hiphop/hiphop.00096.au": {"class": "hiphop", "fold": ["train", "train", "val"], "label": 4}, "genres/pop/pop.00013.au": {"class": "pop", "fold": ["val", "train", "train"], "label": 7}, "genres/jazz/jazz.00001.au": {"class": "jazz", "fold": ["train", "val", "train"], "label": 5}, "genres/country/country.00068.au": {"class": "country", "fold": ["train", "val", "train"], "label": 2}, "genres/hiphop/hiphop.00039.au": {"class": "hiphop", "fold": ["train", "val", "train"], "label": 4}, "genres/disco/disco.00079.au": {"class": "disco", "fold": ["train", "train", "val"], "label": 3}, "genres/blues/blues.00054.au": {"class": "blues", "fold": ["train", "train", "val"], "label": 0}, "genres/country/country.00082.au": {"class": "country", "fold": ["train", "train", "val"], "label": 2}, "genres/hiphop/hiphop.00014.au": {"class": "hiphop", "fold": ["val", "train", "train"], "label": 4}, "genres/blues/blues.00094.au": {"class": "blues", "fold": ["val", "train", "train"], "label": 0}, "genres/disco/disco.00087.au": {"class": "disco", "fold": ["train", "train", "val"], "label": 3}, "genres/blues/blues.00038.au": {"class": "blues", "fold": ["train", "train", "val"], "label": 0}, "genres/metal/metal.00054.au": {"class": "metal", "fold": ["train", "train", "val"], "label": 6}, "genres/pop/pop.00020.au": {"class": "pop", "fold": ["train", "val", "train"], "label": 7}, "genres/jazz/jazz.00042.au": {"class": "jazz", "fold": ["val", "train", "train"], "label": 5}, "genres/rock/rock.00046.au": {"class": "rock", "fold": ["train", "val", "train"], "label": 9}, "genres/pop/pop.00048.au": {"class": "pop", "fold": ["train", "train", "val"], "label": 7}, "genres/blues/blues.00011.au": {"class": "blues", "fold": ["train", "val", "train"], "label": 0}, "genres/country/country.00005.au": {"class": "country", "fold": ["val", "train", "train"], "label": 2}, "genres/rock/rock.00093.au": {"class": "rock", "fold": ["train", "train", "val"], "label": 9}, "genres/country/country.00049.au": {"class": "country", "fold": ["train", "val", "train"], "label": 2}, "genres/blues/blues.00026.au": {"class": "blues", "fold": ["val", "train", "train"], "label": 0}, "genres/classical/classical.00037.au": {"class": "classical", "fold": ["train", "val", "train"], "label": 1}, "genres/reggae/reggae.00031.au": {"class": "reggae", "fold": ["train", "val", "train"], "label": 8}, "genres/blues/blues.00007.au": {"class": "blues", "fold": ["train", "val", "train"], "label": 0}, "genres/pop/pop.00001.au": {"class": "pop", "fold": ["val", "train", "train"], "label": 7}, "genres/hiphop/hiphop.00053.au": {"class": "hiphop", "fold": ["train", "val", "train"], "label": 4}, "genres/metal/metal.00050.au": {"class": "metal", "fold": ["train", "train", "val"], "label": 6}, "genres/metal/metal.00027.au": {"class": "metal", "fold": ["val", "train", "train"], "label": 6}, "genres/disco/disco.00061.au": {"class": "disco", "fold": ["train", "val", "train"], "label": 3}, "genres/disco/disco.00027.au": {"class": "disco", "fold": ["train", "val", "train"], "label": 3}, "genres/hiphop/hiphop.00008.au": {"class": "hiphop", "fold": ["val", "train", "train"], "label": 4}, "genres/classical/classical.00022.au": {"class": "classical", "fold": ["val", "train", "train"], "label": 1}, "genres/rock/rock.00038.au": {"class": "rock", "fold": ["train", "train", "val"], "label": 9}, "genres/disco/disco.00032.au": {"class": "disco", "fold": ["train", "val", "train"], "label": 3}, "genres/reggae/reggae.00043.au": {"class": "reggae", "fold": ["train", "val", "train"], "label": 8}, "genres/metal/metal.00089.au": {"class": "metal", "fold": ["train", "train", "val"], "label": 6}, "genres/pop/pop.00011.au": {"class": "pop", "fold": ["val", "train", "train"], "label": 7}, "genres/reggae/reggae.00045.au": {"class": "reggae", "fold": ["train", "val", "train"], "label": 8}, "genres/disco/disco.00011.au": {"class": "disco", "fold": ["val", "train", "train"], "label": 3}, "genres/disco/disco.00021.au": {"class": "disco", "fold": ["val", "train", "train"], "label": 3}, "genres/rock/rock.00082.au": {"class": "rock", "fold": ["train", "train", "val"], "label": 9}, "genres/pop/pop.00038.au": {"class": "pop", "fold": ["train", "val", "train"], "label": 7}, "genres/classical/classical.00055.au": {"class": "classical", "fold": ["train", "val", "train"], "label": 1}, "genres/reggae/reggae.00071.au": {"class": "reggae", "fold": ["train", "val", "train"], "label": 8}, "genres/hiphop/hiphop.00077.au": {"class": "hiphop", "fold": ["train", "train", "val"], "label": 4}, "genres/blues/blues.00081.au": {"class": "blues", "fold": ["train", "val", "train"], "label": 0}, "genres/pop/pop.00085.au": {"class": "pop", "fold": ["train", "train", "val"], "label": 7}, "genres/rock/rock.00049.au": {"class": "rock", "fold": ["train", "val", "train"], "label": 9}, "genres/disco/disco.00058.au": {"class": "disco", "fold": ["train", "val", "train"], "label": 3}, "genres/classical/classical.00015.au": {"class": "classical", "fold": ["val", "train", "train"], "label": 1}, "genres/pop/pop.00036.au": {"class": "pop", "fold": ["train", "val", "train"], "label": 7}, "genres/blues/blues.00035.au": {"class": "blues", "fold": ["train", "train", "val"], "label": 0}, "genres/rock/rock.00040.au": {"class": "rock", "fold": ["train", "val", "train"], "label": 9}, "genres/classical/classical.00056.au": {"class": "classical", "fold": ["train", "val", "train"], "label": 1}, "genres/blues/blues.00041.au": {"class": "blues", "fold": ["train", "val", "train"], "label": 0}, "genres/hiphop/hiphop.00035.au": {"class": "hiphop", "fold": ["train", "val", "train"], "label": 4}, "genres/hiphop/hiphop.00010.au": {"class": "hiphop", "fold": ["val", "train", "train"], "label": 4}, "genres/jazz/jazz.00094.au": {"class": "jazz", "fold": ["train", "train", "val"], "label": 5}, "genres/hiphop/hiphop.00043.au": {"class": "hiphop", "fold": ["train", "val", "train"], "label": 4}, "genres/classical/classical.00088.au": {"class": "classical", "fold": ["train", "train", "val"], "label": 1}, "genres/classical/classical.00068.au": {"class": "classical", "fold": ["train", "train", "val"], "label": 1}, "genres/classical/classical.00005.au": {"class": "classical", "fold": ["val", "train", "train"], "label": 1}, "genres/pop/pop.00082.au": {"class": "pop", "fold": ["train", "val", "train"], "label": 7}, "genres/pop/pop.00072.au": {"class": "pop", "fold": ["train", "train", "val"], "label": 7}, "genres/reggae/reggae.00033.au": {"class": "reggae", "fold": ["train", "val", "train"], "label": 8}, "genres/pop/pop.00056.au": {"class": "pop", "fold": ["train", "train", "val"], "label": 7}, "genres/hiphop/hiphop.00084.au": {"class": "hiphop", "fold": ["train", "train", "val"], "label": 4}, "genres/blues/blues.00015.au": {"class": "blues", "fold": ["val", "train", "train"], "label": 0}, "genres/blues/blues.00051.au": {"class": "blues", "fold": ["train", "train", "val"], "label": 0}, "genres/disco/disco.00072.au": {"class": "disco", "fold": ["train", "train", "val"], "label": 3}, "genres/hiphop/hiphop.00022.au": {"class": "hiphop", "fold": ["val", "train", "train"], "label": 4}, "genres/country/country.00043.au": {"class": "country", "fold": ["train", "val", "train"], "label": 2}, "genres/rock/rock.00063.au": {"class": "rock", "fold": ["train", "val", "train"], "label": 9}, "genres/hiphop/hiphop.00015.au": {"class": "hiphop", "fold": ["val", "train", "train"], "label": 4}, "genres/classical/classical.00060.au": {"class": "classical", "fold": ["train", "val", "train"], "label": 1}, "genres/rock/rock.00086.au": {"class": "rock", "fold": ["val", "train", "train"], "label": 9}, "genres/classical/classical.00047.au": {"class": "classical", "fold": ["train", "val", "train"], "label": 1}, "genres/blues/blues.00047.au": {"class": "blues", "fold": ["train", "val", "train"], "label": 0}, "genres/country/country.00092.au": {"class": "country", "fold": ["train", "train", "val"], "label": 2}, "genres/pop/pop.00028.au": {"class": "pop", "fold": ["train", "val", "train"], "label": 7}, "genres/rock/rock.00010.au": {"class": "rock", "fold": ["val", "train", "train"], "label": 9}, "genres/jazz/jazz.00052.au": {"class": "jazz", "fold": ["train", "val", "train"], "label": 5}, "genres/pop/pop.00018.au": {"class": "pop", "fold": ["train", "val", "train"], "label": 7}, "genres/classical/classical.00030.au": {"class": "classical", "fold": ["val", "train", "train"], "label": 1}, "genres/classical/classical.00006.au": {"class": "classical", "fold": ["val", "train", "train"], "label": 1}, "genres/country/country.00046.au": {"class": "country", "fold": ["train", "val", "train"], "label": 2}, "genres/metal/metal.00055.au": {"class": "metal", "fold": ["train", "train", "val"], "label": 6}, "genres/blues/blues.00040.au": {"class": "blues", "fold": ["train", "val", "train"], "label": 0}, "genres/metal/metal.00081.au": {"class": "metal", "fold": ["train", "train", "val"], "label": 6}, "genres/blues/blues.00058.au": {"class": "blues", "fold": ["train", "train", "val"], "label": 0}, "genres/blues/blues.00095.au": {"class": "blues", "fold": ["val", "train", "train"], "label": 0}, "genres/blues/blues.00045.au": {"class": "blues", "fold": ["train", "val", "train"], "label": 0}, "genres/disco/disco.00024.au": {"class": "disco", "fold": ["train", "train", "val"], "label": 3}, "genres/hiphop/hiphop.00095.au": {"class": "hiphop", "fold": ["train", "train", "val"], "label": 4}, "genres/disco/disco.00030.au": {"class": "disco", "fold": ["val", "train", "train"], "label": 3}, "genres/country/country.00014.au": {"class": "country", "fold": ["val", "train", "train"], "label": 2}, "genres/metal/metal.00025.au": {"class": "metal", "fold": ["val", "train", "train"], "label": 6}, "genres/classical/classical.00059.au": {"class": "classical", "fold": ["train", "val", "train"], "label": 1}, "genres/classical/classical.00001.au": {"class": "classical", "fold": ["val", "train", "train"], "label": 1}, "genres/disco/disco.00082.au": {"class": "disco", "fold": ["train", "train", "val"], "label": 3}, "genres/disco/disco.00034.au": {"class": "disco", "fold": ["train", "val", "train"], "label": 3}, "genres/disco/disco.00018.au": {"class": "disco", "fold": ["val", "train", "train"], "label": 3}, "genres/classical/classical.00032.au": {"class": "classical", "fold": ["val", "train", "train"], "label": 1}, "genres/blues/blues.00082.au": {"class": "blues", "fold": ["train", "val", "train"], "label": 0}, "genres/jazz/jazz.00076.au": {"class": "jazz", "fold": ["train", "train", "val"], "label": 5}, "genres/metal/metal.00098.au": {"class": "metal", "fold": ["train", "val", "train"], "label": 6}, "genres/hiphop/hiphop.00030.au": {"class": "hiphop", "fold": ["val", "train", "train"], "label": 4}, "genres/rock/rock.00044.au": {"class": "rock", "fold": ["train", "val", "train"], "label": 9}, "genres/country/country.00025.au": {"class": "country", "fold": ["val", "train", "train"], "label": 2}, "genres/blues/blues.00060.au": {"class": "blues", "fold": ["train", "train", "val"], "label": 0}, "genres/jazz/jazz.00030.au": {"class": "jazz", "fold": ["train", "val", "train"], "label": 5}, "genres/jazz/jazz.00096.au": {"class": "jazz", "fold": ["train", "train", "val"], "label": 5}, "genres/jazz/jazz.00098.au": {"class": "jazz", "fold": ["train", "train", "val"], "label": 5}, "genres/classical/classical.00000.au": {"class": "classical", "fold": ["val", "train", "train"], "label": 1}, "genres/pop/pop.00026.au": {"class": "pop", "fold": ["train", "val", "train"], "label": 7}, "genres/reggae/reggae.00049.au": {"class": "reggae", "fold": ["train", "val", "train"], "label": 8}, "genres/blues/blues.00084.au": {"class": "blues", "fold": ["train", "val", "train"], "label": 0}, "genres/blues/blues.00096.au": {"class": "blues", "fold": ["val", "train", "train"], "label": 0}, "genres/classical/classical.00070.au": {"class": "classical", "fold": ["train", "train", "val"], "label": 1}, "genres/hiphop/hiphop.00062.au": {"class": "hiphop", "fold": ["train", "val", "train"], "label": 4}, "genres/hiphop/hiphop.00063.au": {"class": "hiphop", "fold": ["train", "val", "train"], "label": 4}, "genres/country/country.00036.au": {"class": "country", "fold": ["train", "val", "train"], "label": 2}, "genres/metal/metal.00097.au": {"class": "metal", "fold": ["train", "val", "train"], "label": 6}, "genres/pop/pop.00005.au": {"class": "pop", "fold": ["val", "train", "train"], "label": 7}, "genres/reggae/reggae.00068.au": {"class": "reggae", "fold": ["train", "val", "train"], "label": 8}, "genres/reggae/reggae.00044.au": {"class": "reggae", "fold": ["train", "val", "train"], "label": 8}, "genres/pop/pop.00015.au": {"class": "pop", "fold": ["train", "val", "train"], "label": 7}, "genres/pop/pop.00077.au": {"class": "pop", "fold": ["train", "val", "train"], "label": 7}, "genres/reggae/reggae.00023.au": {"class": "reggae", "fold": ["val", "train", "train"], "label": 8}, "genres/jazz/jazz.00019.au": {"class": "jazz", "fold": ["val", "train", "train"], "label": 5}, "genres/metal/metal.00075.au": {"class": "metal", "fold": ["train", "val", "train"], "label": 6}, "genres/jazz/jazz.00038.au": {"class": "jazz", "fold": ["val", "train", "train"], "label": 5}, "genres/disco/disco.00026.au": {"class": "disco", "fold": ["val", "train", "train"], "label": 3}, "genres/metal/metal.00020.au": {"class": "metal", "fold": ["val", "train", "train"], "label": 6}, "genres/jazz/jazz.00089.au": {"class": "jazz", "fold": ["train", "train", "val"], "label": 5}, "genres/jazz/jazz.00023.au": {"class": "jazz", "fold": ["val", "train", "train"], "label": 5}, "genres/metal/metal.00077.au": {"class": "metal", "fold": ["train", "train", "val"], "label": 6}, "genres/pop/pop.00069.au": {"class": "pop", "fold": ["train", "train", "val"], "label": 7}, "genres/reggae/reggae.00034.au": {"class": "reggae", "fold": ["train", "val", "train"], "label": 8}, "genres/reggae/reggae.00010.au": {"class": "reggae", "fold": ["val", "train", "train"], "label": 8}, "genres/classical/classical.00013.au": {"class": "classical", "fold": ["val", "train", "train"], "label": 1}, "genres/rock/rock.00029.au": {"class": "rock", "fold": ["train", "train", "val"], "label": 9}, "genres/reggae/reggae.00089.au": {"class": "reggae", "fold": ["train", "train", "val"], "label": 8}, "genres/disco/disco.00017.au": {"class": "disco", "fold": ["train", "train", "val"], "label": 3}, "genres/disco/disco.00004.au": {"class": "disco", "fold": ["val", "train", "train"], "label": 3}, "genres/disco/disco.00033.au": {"class": "disco", "fold": ["train", "val", "train"], "label": 3}, "genres/classical/classical.00044.au": {"class": "classical", "fold": ["train", "val", "train"], "label": 1}, "genres/jazz/jazz.00036.au": {"class": "jazz", "fold": ["val", "train", "train"], "label": 5}, "genres/rock/rock.00071.au": {"class": "rock", "fold": ["train", "train", "val"], "label": 9}, "genres/hiphop/hiphop.00025.au": {"class": "hiphop", "fold": ["val", "train", "train"], "label": 4}, "genres/pop/pop.00019.au": {"class": "pop", "fold": ["train", "val", "train"], "label": 7}, "genres/blues/blues.00052.au": {"class": "blues", "fold": ["train", "train", "val"], "label": 0}, "genres/classical/classical.00029.au": {"class": "classical", "fold": ["val", "train", "train"], "label": 1}, "genres/rock/rock.00032.au": {"class": "rock", "fold": ["train", "val", "train"], "label": 9}, "genres/classical/classical.00069.au": {"class": "classical", "fold": ["train", "train", "val"], "label": 1}, "genres/disco/disco.00016.au": {"class": "disco", "fold": ["val", "train", "train"], "label": 3}, "genres/country/country.00076.au": {"class": "country", "fold": ["train", "val", "train"], "label": 2}, "genres/hiphop/hiphop.00046.au": {"class": "hiphop", "fold": ["train", "val", "train"], "label": 4}, "genres/jazz/jazz.00079.au": {"class": "jazz", "fold": ["train", "train", "val"], "label": 5}, "genres/reggae/reggae.00077.au": {"class": "reggae", "fold": ["train", "train", "val"], "label": 8}, "genres/disco/disco.00035.au": {"class": "disco", "fold": ["val", "train", "train"], "label": 3}, "genres/metal/metal.00001.au": {"class": "metal", "fold": ["val", "train", "train"], "label": 6}, "genres/reggae/reggae.00042.au": {"class": "reggae", "fold": ["train", "val", "train"], "label": 8}, "genres/blues/blues.00075.au": {"class": "blues", "fold": ["train", "val", "train"], "label": 0}, "genres/blues/blues.00005.au": {"class": "blues", "fold": ["train", "val", "train"], "label": 0}, "genres/country/country.00055.au": {"class": "country", "fold": ["train", "train", "val"], "label": 2}, "genres/classical/classical.00099.au": {"class": "classical", "fold": ["train", "train", "val"], "label": 1}, "genres/rock/rock.00076.au": {"class": "rock", "fold": ["train", "train", "val"], "label": 9}, "genres/rock/rock.00002.au": {"class": "rock", "fold": ["val", "train", "train"], "label": 9}, "genres/metal/metal.00028.au": {"class": "metal", "fold": ["train", "val", "train"], "label": 6}, "genres/blues/blues.00079.au": {"class": "blues", "fold": ["train", "val", "train"], "label": 0}, "genres/classical/classical.00097.au": {"class": "classical", "fold": ["train", "train", "val"], "label": 1}, "genres/metal/metal.00036.au": {"class": "metal", "fold": ["train", "val", "train"], "label": 6}, "genres/metal/metal.00039.au": {"class": "metal", "fold": ["train", "val", "train"], "label": 6}, "genres/country/country.00011.au": {"class": "country", "fold": ["val", "train", "train"], "label": 2}, "genres/metal/metal.00084.au": {"class": "metal", "fold": ["train", "train", "val"], "label": 6}, "genres/jazz/jazz.00088.au": {"class": "jazz", "fold": ["train", "train", "val"], "label": 5}, "genres/blues/blues.00002.au": {"class": "blues", "fold": ["train", "val", "train"], "label": 0}, "genres/metal/metal.00007.au": {"class": "metal", "fold": ["val", "train", "train"], "label": 6}, "genres/reggae/reggae.00084.au": {"class": "reggae", "fold": ["train", "train", "val"], "label": 8}, "genres/metal/metal.00004.au": {"class": "metal", "fold": ["val", "train", "train"], "label": 6}, "genres/rock/rock.00057.au": {"class": "rock", "fold": ["train", "val", "train"], "label": 9}, "genres/pop/pop.00045.au": {"class": "pop", "fold": ["train", "train", "val"], "label": 7}, "genres/hiphop/hiphop.00028.au": {"class": "hiphop", "fold": ["val", "train", "train"], "label": 4}, "genres/disco/disco.00007.au": {"class": "disco", "fold": ["val", "train", "train"], "label": 3}, "genres/classical/classical.00057.au": {"class": "classical", "fold": ["train", "val", "train"], "label": 1}, "genres/classical/classical.00085.au": {"class": "classical", "fold": ["train", "train", "val"], "label": 1}, "genres/classical/classical.00092.au": {"class": "classical", "fold": ["train", "train", "val"], "label": 1}, "genres/metal/metal.00029.au": {"class": "metal", "fold": ["train", "val", "train"], "label": 6}, "genres/metal/metal.00080.au": {"class": "metal", "fold": ["train", "train", "val"], "label": 6}, "genres/classical/classical.00023.au": {"class": "classical", "fold": ["val", "train", "train"], "label": 1}, "genres/rock/rock.00008.au": {"class": "rock", "fold": ["val", "train", "train"], "label": 9}, "genres/classical/classical.00094.au": {"class": "classical", "fold": ["train", "train", "val"], "label": 1}, "genres/jazz/jazz.00090.au": {"class": "jazz", "fold": ["train", "train", "val"], "label": 5}, "genres/rock/rock.00022.au": {"class": "rock", "fold": ["val", "train", "train"], "label": 9}, "genres/rock/rock.00077.au": {"class": "rock", "fold": ["train", "train", "val"], "label": 9}, "genres/rock/rock.00015.au": {"class": "rock", "fold": ["val", "train", "train"], "label": 9}, "genres/rock/rock.00020.au": {"class": "rock", "fold": ["val", "train", "train"], "label": 9}, "genres/hiphop/hiphop.00060.au": {"class": "hiphop", "fold": ["train", "val", "train"], "label": 4}, "genres/hiphop/hiphop.00081.au": {"class": "hiphop", "fold": ["train", "train", "val"], "label": 4}, "genres/jazz/jazz.00032.au": {"class": "jazz", "fold": ["train", "val", "train"], "label": 5}, "genres/disco/disco.00077.au": {"class": "disco", "fold": ["train", "train", "val"], "label": 3}, "genres/rock/rock.00087.au": {"class": "rock", "fold": ["val", "train", "train"], "label": 9}, "genres/pop/pop.00088.au": {"class": "pop", "fold": ["val", "train", "train"], "label": 7}, "genres/rock/rock.00051.au": {"class": "rock", "fold": ["train", "val", "train"], "label": 9}, "genres/disco/disco.00012.au": {"class": "disco", "fold": ["val", "train", "train"], "label": 3}, "genres/jazz/jazz.00073.au": {"class": "jazz", "fold": ["train", "train", "val"], "label": 5}, "genres/hiphop/hiphop.00047.au": {"class": "hiphop", "fold": ["train", "val", "train"], "label": 4}, "genres/jazz/jazz.00095.au": {"class": "jazz", "fold": ["train", "train", "val"], "label": 5}, "genres/rock/rock.00031.au": {"class": "rock", "fold": ["train", "train", "val"], "label": 9}, "genres/jazz/jazz.00018.au": {"class": "jazz", "fold": ["val", "train", "train"], "label": 5}, "genres/rock/rock.00016.au": {"class": "rock", "fold": ["val", "train", "train"], "label": 9}, "genres/classical/classical.00048.au": {"class": "classical", "fold": ["train", "val", "train"], "label": 1}, "genres/reggae/reggae.00063.au": {"class": "reggae", "fold": ["train", "val", "train"], "label": 8}, "genres/hiphop/hiphop.00054.au": {"class": "hiphop", "fold": ["train", "val", "train"], "label": 4}, "genres/jazz/jazz.00045.au": {"class": "jazz", "fold": ["val", "train", "train"], "label": 5}, "genres/blues/blues.00092.au": {"class": "blues", "fold": ["val", "train", "train"], "label": 0}, "genres/metal/metal.00037.au": {"class": "metal", "fold": ["train", "val", "train"], "label": 6}, "genres/reggae/reggae.00039.au": {"class": "reggae", "fold": ["train", "val", "train"], "label": 8}, "genres/rock/rock.00060.au": {"class": "rock", "fold": ["train", "val", "train"], "label": 9}, "genres/jazz/jazz.00006.au": {"class": "jazz", "fold": ["train", "val", "train"], "label": 5}, "genres/blues/blues.00039.au": {"class": "blues", "fold": ["train", "train", "val"], "label": 0}, "genres/classical/classical.00014.au": {"class": "classical", "fold": ["val", "train", "train"], "label": 1}, "genres/hiphop/hiphop.00066.au": {"class": "hiphop", "fold": ["train", "train", "val"], "label": 4}, "genres/metal/metal.00017.au": {"class": "metal", "fold": ["val", "train", "train"], "label": 6}, "genres/disco/disco.00095.au": {"class": "disco", "fold": ["train", "train", "val"], "label": 3}, "genres/reggae/reggae.00053.au": {"class": "reggae", "fold": ["train", "train", "val"], "label": 8}, "genres/hiphop/hiphop.00055.au": {"class": "hiphop", "fold": ["train", "val", "train"], "label": 4}, "genres/jazz/jazz.00014.au": {"class": "jazz", "fold": ["val", "train", "train"], "label": 5}, "genres/classical/classical.00003.au": {"class": "classical", "fold": ["val", "train", "train"], "label": 1}, "genres/blues/blues.00016.au": {"class": "blues", "fold": ["val", "train", "train"], "label": 0}, "genres/metal/metal.00067.au": {"class": "metal", "fold": ["train", "val", "train"], "label": 6}, "genres/pop/pop.00097.au": {"class": "pop", "fold": ["val", "train", "train"], "label": 7}, "genres/rock/rock.00085.au": {"class": "rock", "fold": ["train", "train", "val"], "label": 9}, "genres/country/country.00072.au": {"class": "country", "fold": ["train", "val", "train"], "label": 2}, "genres/disco/disco.00003.au": {"class": "disco", "fold": ["val", "train", "train"], "label": 3}, "genres/rock/rock.00075.au": {"class": "rock", "fold": ["train", "train", "val"], "label": 9}, "genres/disco/disco.00025.au": {"class": "disco", "fold": ["val", "train", "train"], "label": 3}, "genres/hiphop/hiphop.00083.au": {"class": "hiphop", "fold": ["train", "train", "val"], "label": 4}, "genres/jazz/jazz.00093.au": {"class": "jazz", "fold": ["train", "train", "val"], "label": 5}, "genres/pop/pop.00098.au": {"class": "pop", "fold": ["val", "train", "train"], "label": 7}, "genres/metal/metal.00095.au": {"class": "metal", "fold": ["train", "val", "train"], "label": 6}, "genres/hiphop/hiphop.00009.au": {"class": "hiphop", "fold": ["val", "train", "train"], "label": 4}, "genres/blues/blues.00073.au": {"class": "blues", "fold": ["train", "val", "train"], "label": 0}, "genres/classical/classical.00082.au": {"class": "classical", "fold": ["train", "train", "val"], "label": 1}, "genres/hiphop/hiphop.00005.au": {"class": "hiphop", "fold": ["val", "train", "train"], "label": 4}, "genres/jazz/jazz.00002.au": {"class": "jazz", "fold": ["train", "val", "train"], "label": 5}, "genres/jazz/jazz.00005.au": {"class": "jazz", "fold": ["train", "val", "train"], "label": 5}, "genres/country/country.00023.au": {"class": "country", "fold": ["val", "train", "train"], "label": 2}, "genres/country/country.00083.au": {"class": "country", "fold": ["train", "train", "val"], "label": 2}, "genres/reggae/reggae.00014.au": {"class": "reggae", "fold": ["val", "train", "train"], "label": 8}, "genres/reggae/reggae.00085.au": {"class": "reggae", "fold": ["train", "train", "val"], "label": 8}, "genres/blues/blues.00071.au": {"class": "blues", "fold": ["train", "train", "val"], "label": 0}, "genres/blues/blues.00027.au": {"class": "blues", "fold": ["val", "train", "train"], "label": 0}, "genres/hiphop/hiphop.00038.au": {"class": "hiphop", "fold": ["train", "val", "train"], "label": 4}, "genres/metal/metal.00074.au": {"class": "metal", "fold": ["train", "train", "val"], "label": 6}, "genres/rock/rock.00007.au": {"class": "rock", "fold": ["val", "train", "train"], "label": 9}, "genres/rock/rock.00078.au": {"class": "rock", "fold": ["train", "train", "val"], "label": 9}, "genres/reggae/reggae.00080.au": {"class": "reggae", "fold": ["train", "train", "val"], "label": 8}, "genres/blues/blues.00042.au": {"class": "blues", "fold": ["train", "val", "train"], "label": 0}, "genres/classical/classical.00024.au": {"class": "classical", "fold": ["val", "train", "train"], "label": 1}, "genres/country/country.00027.au": {"class": "country", "fold": ["val", "train", "train"], "label": 2}, "genres/metal/metal.00096.au": {"class": "metal", "fold": ["train", "val", "train"], "label": 6}, "genres/metal/metal.00021.au": {"class": "metal", "fold": ["val", "train", "train"], "label": 6}, "genres/pop/pop.00025.au": {"class": "pop", "fold": ["train", "val", "train"], "label": 7}, "genres/classical/classical.00040.au": {"class": "classical", "fold": ["train", "val", "train"], "label": 1}, "genres/jazz/jazz.00024.au": {"class": "jazz", "fold": ["val", "train", "train"], "label": 5}, "genres/disco/disco.00049.au": {"class": "disco", "fold": ["train", "val", "train"], "label": 3}, "genres/pop/pop.00003.au": {"class": "pop", "fold": ["val", "train", "train"], "label": 7}, "genres/country/country.00091.au": {"class": "country", "fold": ["train", "train", "val"], "label": 2}, "genres/disco/disco.00062.au": {"class": "disco", "fold": ["train", "val", "train"], "label": 3}, "genres/classical/classical.00087.au": {"class": "classical", "fold": ["train", "train", "val"], "label": 1}, "genres/disco/disco.00053.au": {"class": "disco", "fold": ["train", "val", "train"], "label": 3}, "genres/jazz/jazz.00092.au": {"class": "jazz", "fold": ["train", "train", "val"], "label": 5}, "genres/country/country.00013.au": {"class": "country", "fold": ["val", "train", "train"], "label": 2}, "genres/hiphop/hiphop.00050.au": {"class": "hiphop", "fold": ["train", "val", "train"], "label": 4}, "genres/metal/metal.00024.au": {"class": "metal", "fold": ["val", "train", "train"], "label": 6}, "genres/reggae/reggae.00032.au": {"class": "reggae", "fold": ["train", "val", "train"], "label": 8}, "genres/reggae/reggae.00021.au": {"class": "reggae", "fold": ["val", "train", "train"], "label": 8}, "genres/pop/pop.00062.au": {"class": "pop", "fold": ["train", "train", "val"], "label": 7}, "genres/hiphop/hiphop.00098.au": {"class": "hiphop", "fold": ["train", "train", "val"], "label": 4}, "genres/disco/disco.00002.au": {"class": "disco", "fold": ["val", "train", "train"], "label": 3}, "genres/blues/blues.00018.au": {"class": "blues", "fold": ["val", "train", "train"], "label": 0}, "genres/blues/blues.00090.au": {"class": "blues", "fold": ["val", "train", "train"], "label": 0}, "genres/hiphop/hiphop.00002.au": {"class": "hiphop", "fold": ["val", "train", "train"], "label": 4}, "genres/jazz/jazz.00034.au": {"class": "jazz", "fold": ["val", "train", "train"], "label": 5}, "genres/country/country.00098.au": {"class": "country", "fold": ["train", "train", "val"], "label": 2}, "genres/jazz/jazz.00031.au": {"class": "jazz", "fold": ["train", "val", "train"], "label": 5}, "genres/country/country.00007.au": {"class": "country", "fold": ["val", "train", "train"], "label": 2}, "genres/country/country.00031.au": {"class": "country", "fold": ["val", "train", "train"], "label": 2}, "genres/rock/rock.00094.au": {"class": "rock", "fold": ["train", "train", "val"], "label": 9}, "genres/metal/metal.00008.au": {"class": "metal", "fold": ["val", "train", "train"], "label": 6}, "genres/jazz/jazz.00043.au": {"class": "jazz", "fold": ["val", "train", "train"], "label": 5}, "genres/blues/blues.00053.au": {"class": "blues", "fold": ["train", "train", "val"], "label": 0}, "genres/disco/disco.00064.au": {"class": "disco", "fold": ["train", "val", "train"], "label": 3}, "genres/metal/metal.00026.au": {"class": "metal", "fold": ["val", "train", "train"], "label": 6}, "genres/pop/pop.00091.au": {"class": "pop", "fold": ["val", "train", "train"], "label": 7}, "genres/rock/rock.00021.au": {"class": "rock", "fold": ["val", "train", "train"], "label": 9}, "genres/blues/blues.00068.au": {"class": "blues", "fold": ["train", "train", "val"], "label": 0}, "genres/metal/metal.00019.au": {"class": "metal", "fold": ["val", "train", "train"], "label": 6}, "genres/rock/rock.00041.au": {"class": "rock", "fold": ["train", "val", "train"], "label": 9}, "genres/disco/disco.00020.au": {"class": "disco", "fold": ["val", "train", "train"], "label": 3}, "genres/jazz/jazz.00016.au": {"class": "jazz", "fold": ["val", "train", "train"], "label": 5}, "genres/hiphop/hiphop.00087.au": {"class": "hiphop", "fold": ["train", "train", "val"], "label": 4}, "genres/classical/classical.00052.au": {"class": "classical", "fold": ["train", "val", "train"], "label": 1}, "genres/country/country.00067.au": {"class": "country", "fold": ["train", "val", "train"], "label": 2}, "genres/pop/pop.00023.au": {"class": "pop", "fold": ["train", "val", "train"], "label": 7}, "genres/classical/classical.00008.au": {"class": "classical", "fold": ["val", "train", "train"], "label": 1}, "genres/country/country.00093.au": {"class": "country", "fold": ["train", "train", "val"], "label": 2}, "genres/blues/blues.00028.au": {"class": "blues", "fold": ["val", "train", "train"], "label": 0}, "genres/jazz/jazz.00008.au": {"class": "jazz", "fold": ["train", "val", "train"], "label": 5}, "genres/metal/metal.00031.au": {"class": "metal", "fold": ["train", "val", "train"], "label": 6}, "genres/reggae/reggae.00098.au": {"class": "reggae", "fold": ["train", "train", "val"], "label": 8}, "genres/hiphop/hiphop.00034.au": {"class": "hiphop", "fold": ["train", "val", "train"], "label": 4}, "genres/blues/blues.00046.au": {"class": "blues", "fold": ["train", "val", "train"], "label": 0}, "genres/disco/disco.00094.au": {"class": "disco", "fold": ["train", "train", "val"], "label": 3}, "genres/reggae/reggae.00090.au": {"class": "reggae", "fold": ["train", "train", "val"], "label": 8}, "genres/hiphop/hiphop.00058.au": {"class": "hiphop", "fold": ["train", "val", "train"], "label": 4}, "genres/hiphop/hiphop.00064.au": {"class": "hiphop", "fold": ["train", "val", "train"], "label": 4}, "genres/hiphop/hiphop.00076.au": {"class": "hiphop", "fold": ["train", "val", "train"], "label": 4}, "genres/rock/rock.00098.au": {"class": "rock", "fold": ["train", "train", "val"], "label": 9}, "genres/classical/classical.00066.au": {"class": "classical", "fold": ["train", "val", "train"], "label": 1}, "genres/metal/metal.00038.au": {"class": "metal", "fold": ["train", "val", "train"], "label": 6}, "genres/jazz/jazz.00027.au": {"class": "jazz", "fold": ["train", "val", "train"], "label": 5}, "genres/blues/blues.00034.au": {"class": "blues", "fold": ["train", "train", "val"], "label": 0}, "genres/blues/blues.00093.au": {"class": "blues", "fold": ["val", "train", "train"], "label": 0}, "genres/blues/blues.00061.au": {"class": "blues", "fold": ["train", "train", "val"], "label": 0}, "genres/pop/pop.00039.au": {"class": "pop", "fold": ["val", "train", "train"], "label": 7}, "genres/metal/metal.00023.au": {"class": "metal", "fold": ["val", "train", "train"], "label": 6}, "genres/pop/pop.00073.au": {"class": "pop", "fold": ["train", "train", "val"], "label": 7}, "genres/classical/classical.00039.au": {"class": "classical", "fold": ["train", "val", "train"], "label": 1}, "genres/jazz/jazz.00029.au": {"class": "jazz", "fold": ["train", "val", "train"], "label": 5}, "genres/country/country.00099.au": {"class": "country", "fold": ["train", "train", "val"], "label": 2}, "genres/disco/disco.00043.au": {"class": "disco", "fold": ["train", "val", "train"], "label": 3}, "genres/pop/pop.00032.au": {"class": "pop", "fold": ["train", "val", "train"], "label": 7}, "genres/blues/blues.00033.au": {"class": "blues", "fold": ["train", "train", "val"], "label": 0}, "genres/reggae/reggae.00022.au": {"class": "reggae", "fold": ["val", "train", "train"], "label": 8}, "genres/rock/rock.00065.au": {"class": "rock", "fold": ["train", "val", "train"], "label": 9}, "genres/reggae/reggae.00046.au": {"class": "reggae", "fold": ["train", "val", "train"], "label": 8}, "genres/hiphop/hiphop.00049.au": {"class": "hiphop", "fold": ["train", "val", "train"], "label": 4}, "genres/disco/disco.00078.au": {"class": "disco", "fold": ["val", "train", "train"], "label": 3}, "genres/hiphop/hiphop.00074.au": {"class": "hiphop", "fold": ["train", "train", "val"], "label": 4}, "genres/hiphop/hiphop.00068.au": {"class": "hiphop", "fold": ["train", "train", "val"], "label": 4}, "genres/disco/disco.00015.au": {"class": "disco", "fold": ["val", "train", "train"], "label": 3}, "genres/classical/classical.00020.au": {"class": "classical", "fold": ["val", "train", "train"], "label": 1}, "genres/metal/metal.00053.au": {"class": "metal", "fold": ["train", "train", "val"], "label": 6}, "genres/country/country.00063.au": {"class": "country", "fold": ["train", "train", "val"], "label": 2}, "genres/blues/blues.00031.au": {"class": "blues", "fold": ["train", "train", "val"], "label": 0}, "genres/metal/metal.00079.au": {"class": "metal", "fold": ["train", "train", "val"], "label": 6}, "genres/reggae/reggae.00007.au": {"class": "reggae", "fold": ["val", "train", "train"], "label": 8}, "genres/metal/metal.00016.au": {"class": "metal", "fold": ["val", "train", "train"], "label": 6}, "genres/blues/blues.00009.au": {"class": "blues", "fold": ["train", "val", "train"], "label": 0}, "genres/hiphop/hiphop.00007.au": {"class": "hiphop", "fold": ["val", "train", "train"], "label": 4}, "genres/metal/metal.00005.au": {"class": "metal", "fold": ["val", "train", "train"], "label": 6}, "genres/jazz/jazz.00099.au": {"class": "jazz", "fold": ["train", "train", "val"], "label": 5}, "genres/pop/pop.00083.au": {"class": "pop", "fold": ["val", "train", "train"], "label": 7}, "genres/hiphop/hiphop.00029.au": {"class": "hiphop", "fold": ["val", "train", "train"], "label": 4}, "genres/blues/blues.00032.au": {"class": "blues", "fold": ["train", "train", "val"], "label": 0}, "genres/jazz/jazz.00081.au": {"class": "jazz", "fold": ["train", "train", "val"], "label": 5}, "genres/jazz/jazz.00054.au": {"class": "jazz", "fold": ["train", "val", "train"], "label": 5}, "genres/country/country.00080.au": {"class": "country", "fold": ["train", "val", "train"], "label": 2}, "genres/blues/blues.00006.au": {"class": "blues", "fold": ["train", "val", "train"], "label": 0}, "genres/disco/disco.00010.au": {"class": "disco", "fold": ["val", "train", "train"], "label": 3}, "genres/metal/metal.00034.au": {"class": "metal", "fold": ["val", "train", "train"], "label": 6}, "genres/country/country.00032.au": {"class": "country", "fold": ["val", "train", "train"], "label": 2}, "genres/metal/metal.00040.au": {"class": "metal", "fold": ["train", "val", "train"], "label": 6}, "genres/country/country.00078.au": {"class": "country", "fold": ["train", "val", "train"], "label": 2}, "genres/rock/rock.00079.au": {"class": "rock", "fold": ["train", "train", "val"], "label": 9}, "genres/reggae/reggae.00016.au": {"class": "reggae", "fold": ["val", "train", "train"], "label": 8}, "genres/disco/disco.00066.au": {"class": "disco", "fold": ["train", "train", "val"], "label": 3}, "genres/classical/classical.00042.au": {"class": "classical", "fold": ["train", "val", "train"], "label": 1}, "genres/pop/pop.00049.au": {"class": "pop", "fold": ["train", "train", "val"], "label": 7}, "genres/pop/pop.00096.au": {"class": "pop", "fold": ["val", "train", "train"], "label": 7}, "genres/blues/blues.00099.au": {"class": "blues", "fold": ["val", "train", "train"], "label": 0}, "genres/metal/metal.00012.au": {"class": "metal", "fold": ["val", "train", "train"], "label": 6}, "genres/rock/rock.00018.au": {"class": "rock", "fold": ["val", "train", "train"], "label": 9}, "genres/rock/rock.00081.au": {"class": "rock", "fold": ["train", "train", "val"], "label": 9}, "genres/blues/blues.00044.au": {"class": "blues", "fold": ["train", "val", "train"], "label": 0}, "genres/rock/rock.00042.au": {"class": "rock", "fold": ["train", "val", "train"], "label": 9}, "genres/classical/classical.00073.au": {"class": "classical", "fold": ["train", "train", "val"], "label": 1}, "genres/country/country.00033.au": {"class": "country", "fold": ["val", "train", "train"], "label": 2}, "genres/country/country.00018.au": {"class": "country", "fold": ["val", "train", "train"], "label": 2}, "genres/reggae/reggae.00054.au": {"class": "reggae", "fold": ["train", "train", "val"], "label": 8}, "genres/disco/disco.00036.au": {"class": "disco", "fold": ["train", "val", "train"], "label": 3}, "genres/country/country.00017.au": {"class": "country", "fold": ["val", "train", "train"], "label": 2}, "genres/pop/pop.00014.au": {"class": "pop", "fold": ["val", "train", "train"], "label": 7}, "genres/hiphop/hiphop.00036.au": {"class": "hiphop", "fold": ["train", "val", "train"], "label": 4}, "genres/jazz/jazz.00097.au": {"class": "jazz", "fold": ["train", "train", "val"], "label": 5}, "genres/rock/rock.00005.au": {"class": "rock", "fold": ["val", "train", "train"], "label": 9}, "genres/classical/classical.00018.au": {"class": "classical", "fold": ["val", "train", "train"], "label": 1}, "genres/hiphop/hiphop.00093.au": {"class": "hiphop", "fold": ["train", "train", "val"], "label": 4}, "genres/blues/blues.00049.au": {"class": "blues", "fold": ["train", "val", "train"], "label": 0}, "genres/disco/disco.00086.au": {"class": "disco", "fold": ["train", "train", "val"], "label": 3}, "genres/blues/blues.00065.au": {"class": "blues", "fold": ["train", "train", "val"], "label": 0}, "genres/hiphop/hiphop.00019.au": {"class": "hiphop", "fold": ["val", "train", "train"], "label": 4}, "genres/jazz/jazz.00009.au": {"class": "jazz", "fold": ["train", "val", "train"], "label": 5}, "genres/country/country.00047.au": {"class": "country", "fold": ["train", "val", "train"], "label": 2}, "genres/reggae/reggae.00095.au": {"class": "reggae", "fold": ["train", "train", "val"], "label": 8}, "genres/metal/metal.00042.au": {"class": "metal", "fold": ["train", "val", "train"], "label": 6}, "genres/jazz/jazz.00026.au": {"class": "jazz", "fold": ["train", "val", "train"], "label": 5}, "genres/jazz/jazz.00022.au": {"class": "jazz", "fold": ["val", "train", "train"], "label": 5}, "genres/blues/blues.00021.au": {"class": "blues", "fold": ["val", "train", "train"], "label": 0}, "genres/country/country.00030.au": {"class": "country", "fold": ["val", "train", "train"], "label": 2}, "genres/country/country.00022.au": {"class": "country", "fold": ["val", "train", "train"], "label": 2}, "genres/disco/disco.00076.au": {"class": "disco", "fold": ["train", "train", "val"], "label": 3}, "genres/country/country.00024.au": {"class": "country", "fold": ["val", "train", "train"], "label": 2}, "genres/disco/disco.00075.au": {"class": "disco", "fold": ["train", "train", "val"], "label": 3}}