{
    "local_movement_pruning": [
        {
            "cols": 1,
            "epochs": 10,
            "fill_rate": 0.90014086,
            "inner_sparsity": 1,
            "matched": 84.2689760570555,
            "mismatched": 84.2148087876322,
            "name": "topK_1.0_*_1_1_null_0._3e-5_1e-2_topK_constant_0._6_epochs",
            "rows": 1,
            "size": 1,
            "speedup": 1.0
        },
        {
            "cols": 1,
            "epochs": 10,
            "fill_rate": 0.70042258,
            "inner_sparsity": 1,
            "matched": 82.5471217524197,
            "mismatched": 82.3637103336045,
            "name": "topK_1.0_*_1_1_null_0._3e-5_1e-2_topK_constant_0._6_epochs",
            "rows": 1,
            "size": 1,
            "speedup": 1.0
        },
        {
            "cols": 1,
            "epochs": 10,
            "fill_rate": 0.5007043,
            "inner_sparsity": 1,
            "matched": 81.3754457463066,
            "mismatched": 81.4279902359642,
            "name": "topK_1.0_*_1_1_null_0._3e-5_1e-2_topK_constant_0._6_epochs",
            "rows": 1,
            "size": 1,
            "speedup": 1.0
        },
        {
            "cols": 1,
            "epochs": 10,
            "fill_rate": 0.30098602,
            "inner_sparsity": 1,
            "matched": 80.6622516556291,
            "mismatched": 81.2347436940602,
            "name": "topK_1.0_*_1_1_null_0._3e-5_1e-2_topK_constant_0._6_epochs",
            "rows": 1,
            "size": 1,
            "speedup": 1.0
        },
        {
            "cols": 1,
            "epochs": 10,
            "fill_rate": 0.10126774,
            "inner_sparsity": 1,
            "matched": 79.3479368313805,
            "mismatched": 79.5260374288039,
            "name": "topK_1.0_*_1_1_null_0._3e-5_1e-2_topK_constant_0._6_epochs",
            "rows": 1,
            "size": 1,
            "speedup": 1.0
        },
        {
            "cols": 1,
            "epochs": 10,
            "fill_rate": 0.08129592000000001,
            "inner_sparsity": 1,
            "matched": 78.981151299032,
            "mismatched": 79.19039869812849,
            "name": "topK_1.0_*_1_1_null_0._3e-5_1e-2_topK_constant_0._6_epochs",
            "rows": 1,
            "size": 1,
            "speedup": 1.0
        },
        {
            "cols": 1,
            "epochs": 10,
            "fill_rate": 0.051338169999999995,
            "inner_sparsity": 1,
            "matched": 77.9826795720835,
            "mismatched": 78.0309194467046,
            "name": "topK_1.0_*_1_1_null_0._3e-5_1e-2_topK_constant_0._6_epochs",
            "rows": 1,
            "size": 1,
            "speedup": 1.0
        },
        {
            "cols": 1,
            "epochs": 10,
            "fill_rate": 0.03136635,
            "inner_sparsity": 1,
            "matched": 76.1079979623026,
            "mismatched": 76.7493897477624,
            "name": "topK_1.0_*_1_1_null_0._3e-5_1e-2_topK_constant_0._6_epochs",
            "rows": 1,
            "size": 1,
            "speedup": 1.0
        },
        {
            "cols": 1,
            "epochs": 10,
            "fill_rate": 0.021380430000000002,
            "inner_sparsity": 1,
            "matched": 74.5899133978604,
            "mismatched": 75.3152969894223,
            "name": "topK_1.0_*_1_1_null_0._3e-5_1e-2_topK_constant_0._6_epochs",
            "rows": 1,
            "size": 1,
            "speedup": 1.0
        },
        {
            "cols": 1,
            "epochs": 10,
            "fill_rate": 0.011394519999999998,
            "inner_sparsity": 1,
            "matched": 71.3092205807437,
            "mismatched": 72.8132628152969,
            "name": "topK_1.0_*_1_1_null_0._3e-5_1e-2_topK_constant_0._6_epochs",
            "rows": 1,
            "size": 1,
            "speedup": 1.0
        }
    ],
    "soft_movement_with_distillation": [
        {
            "cols": 1,
            "epochs": 10,
            "fill_rate": 0.906903863388052,
            "inner_sparsity": 1,
            "matched": 84.9414161996943,
            "mismatched": 85.15052888527251,
            "name": "l1_with_distil_0._0.1_1_1_l1_*_3e-5_1e-2_sigmoied_threshold_constant_0._6_epochs",
            "rows": 1,
            "size": 1,
            "speedup": 1.0
        },
        {
            "cols": 1,
            "epochs": 10,
            "fill_rate": 0.750694155218002,
            "inner_sparsity": 1,
            "matched": 84.9210392256749,
            "mismatched": 85.3132628152969,
            "name": "l1_with_distil_0._0.1_1_1_l1_*_3e-5_1e-2_sigmoied_threshold_constant_0._6_epochs",
            "rows": 1,
            "size": 1,
            "speedup": 1.0
        },
        {
            "cols": 1,
            "epochs": 10,
            "fill_rate": 0.34656273890574396,
            "inner_sparsity": 1,
            "matched": 83.7289862455425,
            "mismatched": 84.1232709519934,
            "name": "l1_with_distil_0._0.1_1_1_l1_*_3e-5_1e-2_sigmoied_threshold_constant_0._6_epochs",
            "rows": 1,
            "size": 1,
            "speedup": 1.0
        },
        {
            "cols": 1,
            "epochs": 10,
            "fill_rate": 0.247365299956507,
            "inner_sparsity": 1,
            "matched": 83.331635252165,
            "mismatched": 83.3909682668836,
            "name": "l1_with_distil_0._0.1_1_1_l1_*_3e-5_1e-2_sigmoied_threshold_constant_0._6_epochs",
            "rows": 1,
            "size": 1,
            "speedup": 1.0
        },
        {
            "cols": 1,
            "epochs": 10,
            "fill_rate": 0.186029553957332,
            "inner_sparsity": 1,
            "matched": 82.41467142129389,
            "mismatched": 82.6586655817738,
            "name": "l1_with_distil_0._0.1_1_1_l1_*_3e-5_1e-2_sigmoied_threshold_constant_0._6_epochs",
            "rows": 1,
            "size": 1,
            "speedup": 1.0
        },
        {
            "cols": 1,
            "epochs": 10,
            "fill_rate": 0.131177042042143,
            "inner_sparsity": 1,
            "matched": 81.7320427916454,
            "mismatched": 82.1399511798209,
            "name": "l1_with_distil_0._0.1_1_1_l1_*_3e-5_1e-2_sigmoied_threshold_constant_0._6_epochs",
            "rows": 1,
            "size": 1,
            "speedup": 1.0
        },
        {
            "cols": 1,
            "epochs": 10,
            "fill_rate": 0.0947351805073981,
            "inner_sparsity": 1,
            "matched": 81.13092205807429,
            "mismatched": 81.7229454841334,
            "name": "l1_with_distil_0._0.1_1_1_l1_*_3e-5_1e-2_sigmoied_threshold_constant_0._6_epochs",
            "rows": 1,
            "size": 1,
            "speedup": 1.0
        },
        {
            "cols": 1,
            "epochs": 10,
            "fill_rate": 0.0602396365698101,
            "inner_sparsity": 1,
            "matched": 80.6826286296485,
            "mismatched": 81.1635475996745,
            "name": "l1_with_distil_0._0.1_1_1_l1_*_3e-5_1e-2_sigmoied_threshold_constant_0._6_epochs",
            "rows": 1,
            "size": 1,
            "speedup": 1.0
        },
        {
            "cols": 1,
            "epochs": 10,
            "fill_rate": 0.0402606146574505,
            "inner_sparsity": 1,
            "matched": 79.9898115129903,
            "mismatched": 80.57363710333601,
            "name": "l1_with_distil_0._0.1_1_1_l1_*_3e-5_1e-2_sigmoied_threshold_constant_0._6_epochs",
            "rows": 1,
            "size": 1,
            "speedup": 1.0
        },
        {
            "cols": 1,
            "epochs": 10,
            "fill_rate": 0.0284787168842778,
            "inner_sparsity": 1,
            "matched": 79.4294447274579,
            "mismatched": 80.0752644426362,
            "name": "l1_with_distil_0._0.1_1_1_l1_*_3e-5_1e-2_sigmoied_threshold_constant_0._6_epochs",
            "rows": 1,
            "size": 1,
            "speedup": 1.0
        },
        {
            "cols": 1,
            "epochs": 10,
            "fill_rate": 0.0214990126796872,
            "inner_sparsity": 1,
            "matched": 79.1441670911869,
            "mismatched": 79.7294548413344,
            "name": "l1_with_distil_0._0.1_1_1_l1_*_3e-5_1e-2_sigmoied_threshold_constant_0._6_epochs",
            "rows": 1,
            "size": 1,
            "speedup": 1.0
        },
        {
            "cols": 1,
            "epochs": 10,
            "fill_rate": 0.01685626988373,
            "inner_sparsity": 1,
            "matched": 78.7671930718288,
            "mismatched": 79.1700569568755,
            "name": "l1_with_distil_0._0.1_1_1_l1_*_3e-5_1e-2_sigmoied_threshold_constant_0._6_epochs",
            "rows": 1,
            "size": 1,
            "speedup": 1.0
        }
    ]
}