{
    "structured_pruning": [
        {
            "f1": 84.6,
            "fill_rate": 1.0,
            "speedup": 0.375
        },
        {
            "f1": 84.2,
            "fill_rate": 0.9114,
            "speedup": 0.44449300699300703
        },
        {
            "f1": 83.2,
            "fill_rate": 0.6152,
            "speedup": 0.4835948644793152
        },
        {
            "f1": 83.7,
            "fill_rate": 0.5272,
            "speedup": 0.6100779844031194
        },
        {
            "f1": 83.2,
            "fill_rate": 0.37459999999999993,
            "speedup": 0.7311286843997125
        },
        {
            "f1": 82.4,
            "fill_rate": 0.2951999999999999,
            "speedup": 0.8384171475680131
        },
        {
            "f1": 81.5,
            "fill_rate": 0.25259999999999994,
            "speedup": 0.9015957446808511
        }
    ]
}